"Aircraft_Make";"Aircraft_Model";"Aircraft_Series";"Incidentes";"Fallecidos"
"ACES HIGH";"CUBY";"I";5;0
"ADAM";"A500";"NO SERIES EXISTS";1;0
"ADAM";"A700";"NO SERIES EXISTS";1;0
"ADAMS BALLOON";"A50S";"NO SERIES EXISTS";2;0
"ADAMS BALLOON";"A55";"NO SERIES EXISTS";8;0
"ADAMS BALLOON";"A55S";"NO SERIES EXISTS";9;0
"ADAMS BALLOON";"AB";"NO SERIES EXISTS";1;0
"ADAMS BALLOON";"LDS";"NO SERIES EXISTS";1;0
"ADVANCED AVIATION";"KING COBRA";"UNDESIGNATED SERIES";3;0
"AERO COMMANDER";"100";"180";15;0
"AERO COMMANDER";"100";"UNDESIGNATED SERIES";25;0
"AERO COMMANDER";"1121";"A";1;0
"AERO COMMANDER";"200";"A";9;0
"AERO COMMANDER";"200";"B";4;0
"AERO COMMANDER";"200";"D";25;0
"AERO COMMANDER";"500";"A";17;0
"AERO COMMANDER";"500";"B";92;0
"AERO COMMANDER";"500";"U";6;0
"AERO COMMANDER";"500";"UNDESIGNATED SERIES";64;0
"AERO COMMANDER";"520";"NO SERIES EXISTS";19;0
"AERO COMMANDER";"560";"A";9;0
"AERO COMMANDER";"560";"E";7;0
"AERO COMMANDER";"560";"F";6;0
"AERO COMMANDER";"560";"UNDESIGNATED SERIES";20;0
"AERO COMMANDER";"680";"E";10;0
"AERO COMMANDER";"680";"F";8;0
"AERO COMMANDER";"680";"FLP";5;0
"AERO COMMANDER";"680";"T";6;0
"AERO COMMANDER";"680";"UNDESIGNATED SERIES";29;0
"AERO COMMANDER";"690";"C";24;0
"AERO COMMANDER";"690";"D";12;0
"AERO COMMANDER";"695";"A";7;0
"AERO COMMANDER";"695";"UNDESIGNATED SERIES";14;0
"AERO SPACELINES";"377";"MG";2;0
"AERO VODOCHODY";"L29";"NO SERIES EXISTS";10;0
"AERO VODOCHODY";"L39";"C";11;0
"AERO VODOCHODY";"L39";"UNDESIGNATED SERIES";2;0
"AEROMERE";"FALCO F8L";"3";7;0
"AEROMOT";"AMT100";"NO SERIES EXISTS";1;0
"AEROMOT";"AMT200";"S";3;0
"AEROMOT";"AMT200";"UNDESIGNATED SERIES";7;0
"AERONCA";"11AC";"NO SERIES EXISTS";83;0
"AERONCA";"11BC";"NO SERIES EXISTS";7;0
"AERONCA";"11CC";"NO SERIES EXISTS";5;0
"AERONCA";"15AC";"NO SERIES EXISTS";21;0
"AERONCA";"50TC";"NO SERIES EXISTS";1;0
"AERONCA";"60TF";"NO SERIES EXISTS";1;0
"AERONCA";"65C";"NO SERIES EXISTS";4;0
"AERONCA";"65CA";"NO SERIES EXISTS";9;0
"AERONCA";"65TAC";"NO SERIES EXISTS";6;0
"AERONCA";"65TAF";"NO SERIES EXISTS";1;0
"AERONCA";"65TC";"NO SERIES EXISTS";5;0
"AERONCA";"65TL";"NO SERIES EXISTS";2;0
"AERONCA";"7AC";"NO SERIES EXISTS";273;0
"AERONCA";"7BCM";"NO SERIES EXISTS";21;0
"AERONCA";"7CCM";"NO SERIES EXISTS";15;0
"AERONCA";"7DC";"NO SERIES EXISTS";23;0
"AERONCA";"7EC";"NO SERIES EXISTS";45;0
"AERONCA";"C3";"NO SERIES EXISTS";1;0
"AERONCA";"L3";"NO SERIES EXISTS";1;0
"AERONCA";"O58B";"NO SERIES EXISTS";14;0
"AEROPRAKT";"A22";"LS";2;0
"AEROPRAKT";"A22";"UNDESIGNATED SERIES";2;0
"AEROPRO";"EUROFOX";"NO SERIES EXISTS";4;0
"AEROSPATIALE";"AS332";"L";1;0
"AEROSPATIALE";"AS350";"B";35;0
"AEROSPATIALE";"AS350";"B1";4;0
"AEROSPATIALE";"AS350";"B2";52;0
"AEROSPATIALE";"AS350";"B3";20;0
"AEROSPATIALE";"AS350";"BA";29;1
"AEROSPATIALE";"AS350";"D";45;0
"AEROSPATIALE";"AS350";"UNDESIGNATED SERIES";11;0
"AEROSPATIALE";"AS355";"E";9;0
"AEROSPATIALE";"AS355";"F";18;0
"AEROSPATIALE";"AS355";"F1";29;0
"AEROSPATIALE";"AS355";"F2";4;0
"AEROSPATIALE";"AS365";"N2";9;0
"AEROSPATIALE";"AS365";"N3";4;0
"AEROSPATIALE";"SA315";"B";14;0
"AEROSPATIALE";"SA316";"B";8;0
"AEROSPATIALE";"SA3180";"NO SERIES EXISTS";1;0
"AEROSPATIALE";"SA319";"B";1;0
"AEROSPATIALE";"SA330";"J";5;0
"AEROSPATIALE";"SA341";"G";8;0
"AEROSPATIALE";"SA360";"C";12;0
"AEROSPATIALE";"SA365";"C";1;0
"AEROSPATIALE";"SA365";"N";8;0
"AEROSPATIALE";"SA365";"N1";2;0
"AEROSPATIALE";"SE3160";"NO SERIES EXISTS";3;0
"AEROSPATIALE";"SN601";"NO SERIES EXISTS";5;0
"AEROSPORT";"QUAIL";"NO SERIES EXISTS";1;0
"AEROSPORT";"SCAMP";"NO SERIES EXISTS";4;0
"AEROSPORT";"WOODY PUSHER";"NO SERIES EXISTS";8;0
"AEROSTAR INTERNATIONAL";"CTS";"NO SERIES EXISTS";1;0
"AEROSTAR INTERNATIONAL";"QUBE80";"NO SERIES EXISTS";1;0
"AEROSTAR INTERNATIONAL";"RX8";"NO SERIES EXISTS";24;0
"AEROSTAR INTERNATIONAL";"S53A";"NO SERIES EXISTS";3;0
"AEROSTAR INTERNATIONAL";"S57A";"NO SERIES EXISTS";7;0
"AEROSTAR INTERNATIONAL";"S60A";"NO SERIES EXISTS";1;0
"AEROSTAR INTERNATIONAL";"S81A";"NO SERIES EXISTS";1;0
"AEROSTAR";"AEROSTAR600";"NO SERIES EXISTS";1;0
"AEROSTAR";"AEROSTAR601";"P";1;0
"AGUSTA";"A109";"A";7;0
"AGUSTA";"A109";"AII";4;0
"AGUSTA";"A109";"C";2;0
"AGUSTA";"A109";"E";11;0
"AGUSTA";"A109";"K2";2;0
"AGUSTA";"A109";"UNDESIGNATED SERIES";12;0
"AGUSTA";"A119";"NO SERIES EXISTS";6;0
"AGUSTA";"AB139";"NO SERIES EXISTS";2;0
"AGUSTA";"AW139";"NO SERIES EXISTS";2;0
"AIR AND SPACE";"18";"A";2;0
"AIR COMMAND";"503";"NO SERIES EXISTS";2;0
"AIR COMMAND";"532";"UNDESIGNATED SERIES";5;0
"AIR FOUGA";"CM170";"R";2;0
"AIR FOUGA";"CM170";"UNDESIGNATED SERIES";2;0
"AIR TRACTOR";"AT300";"NO SERIES EXISTS";2;0
"AIR TRACTOR";"AT301";"NO SERIES EXISTS";109;0
"AIR TRACTOR";"AT302";"NO SERIES EXISTS";5;0
"AIR TRACTOR";"AT400";"A";2;0
"AIR TRACTOR";"AT400";"UNDESIGNATED SERIES";16;0
"AIR TRACTOR";"AT401";"A";1;0
"AIR TRACTOR";"AT401";"B";2;0
"AIR TRACTOR";"AT401";"UNDESIGNATED SERIES";24;0
"AIR TRACTOR";"AT402";"A";7;0
"AIR TRACTOR";"AT402";"B";6;0
"AIR TRACTOR";"AT402";"UNDESIGNATED SERIES";9;0
"AIR TRACTOR";"AT501";"NO SERIES EXISTS";1;0
"AIR TRACTOR";"AT502";"A";5;0
"AIR TRACTOR";"AT502";"B";12;0
"AIR TRACTOR";"AT502";"UNDESIGNATED SERIES";28;0
"AIR TRACTOR";"AT504";"NO SERIES EXISTS";1;0
"AIR TRACTOR";"AT602";"NO SERIES EXISTS";12;0
"AIR TRACTOR";"AT802";"A";10;0
"AIR TRACTOR";"AT802";"UNDESIGNATED SERIES";3;0
"AIRBUS";"A300";"B2";6;0
"AIRBUS";"A300";"B2 1A";1;0
"AIRBUS";"A300";"B2K3C";2;0
"AIRBUS";"A300";"B4 103";14;1
"AIRBUS";"A300";"B4 203";24;0
"AIRBUS";"A300";"B4 2C";11;0
"AIRBUS";"A300";"B4 605R";27;0
"AIRBUS";"A300";"B4 622";1;0
"AIRBUS";"A300";"F4 605R";12;0
"AIRBUS";"A300";"F4 622R";8;0
"AIRBUS";"A300";"UNDESIGNATED SERIES";11;0
"AIRBUS";"A310";"200";2;0
"AIRBUS";"A310";"203";9;0
"AIRBUS";"A310";"222";11;0
"AIRBUS";"A310";"300";1;0
"AIRBUS";"A310";"324";9;0
"AIRBUS";"A310";"UNDESIGNATED SERIES";1;0
"AIRBUS";"A318";"111";2;0
"AIRBUS";"A319";"111";19;0
"AIRBUS";"A319";"112";17;0
"AIRBUS";"A319";"114";23;0
"AIRBUS";"A319";"115";1;0
"AIRBUS";"A319";"131";14;0
"AIRBUS";"A319";"132";14;0
"AIRBUS";"A319";"UNDESIGNATED SERIES";2;0
"AIRBUS";"A320";"211";34;0
"AIRBUS";"A320";"212";11;0
"AIRBUS";"A320";"214";9;0
"AIRBUS";"A320";"231";19;0
"AIRBUS";"A320";"232";49;0
"AIRBUS";"A320";"233";4;0
"AIRBUS";"A320";"UNDESIGNATED SERIES";7;0
"AIRBUS";"A321";"211";5;0
"AIRBUS";"A321";"231";4;0
"AIRBUS";"A330";"202";1;0
"AIRBUS";"A330";"243";2;0
"AIRBUS";"A330";"300";3;0
"AIRBUS";"A330";"323";6;0
"AIRBUS";"A330";"UNDESIGNATED SERIES";1;0
"AIRBUS";"A340";"212";1;0
"AIRBUS";"A340";"300";1;0
"AIRBUS";"A340";"311";3;0
"AIRBUS";"A340";"313";1;0
"AIRBUS";"A340";"600";2;0
"AIRBUS";"A340";"UNDESIGNATED SERIES";3;0
"AIRSHIP INDUSTRIES";"SKYSHIP500";"HL";1;0
"AIRSHIP INDUSTRIES";"SKYSHIP600";"UNDESIGNATED SERIES";3;0
"ALVAREZ";"POLLIWAGEN";"NO SERIES EXISTS";7;0
"AMERICAN AEROLIGHTS";"FALCON";"XP";14;0
"AMERICAN AVIATION";"AA1";"A";11;0
"AMERICAN AVIATION";"AA1";"UNDESIGNATED SERIES";1;0
"AMERICAN AVIATION";"AA5";"UNDESIGNATED SERIES";1;0
"AMERICAN BLIMP";"A60";"NO SERIES EXISTS";3;0
"AMERICAN EAGLE";"EAGLET230";"NO SERIES EXISTS";2;0
"ANGLIN";"SPACE WALKER";"II";1;0
"ANTONOV";"AN2";"UNDESIGNATED SERIES";3;0
"ANTONOV";"AN225";"NO SERIES EXISTS";1;0
"ARCTIC";"S1B";"2";18;0
"ATR";"ATR42";"200";1;0
"ATR";"ATR42";"300";112;0
"ATR";"ATR42";"320";52;0
"ATR";"ATR42";"UNDESIGNATED SERIES";2;0
"ATR";"ATR72";"200";1;0
"ATR";"ATR72";"202";16;0
"ATR";"ATR72";"212";23;0
"ATR";"ATR72";"212A";5;0
"ATR";"ATR72";"UNDESIGNATED SERIES";14;0
"AVIAMILANO";"FALCO F8L";"UNDESIGNATED SERIES";1;0
"AVIAN";"FALCON II";"NO SERIES EXISTS";2;0
"AVIAN";"MAGNUM IX";"NO SERIES EXISTS";6;0
"AVIAN";"SKYHAWK";"NO SERIES EXISTS";5;0
"AVIAT";"A1";"A";8;0
"AVIAT";"A1";"B";50;0
"AVIAT";"A1";"C180";4;0
"AVIAT";"A1";"C200";3;0
"AVIAT";"A1";"UNDESIGNATED SERIES";4;0
"AVID";"AVID COMMUTER";"NO SERIES EXISTS";1;0
"AVID";"AVID FLYER";"NO SERIES EXISTS";73;0
"AVID";"AVID HAULER";"NO SERIES EXISTS";2;0
"AVID";"AVID SPEEDWING";"NO SERIES EXISTS";1;0
"AVID";"MAGNUM";"NO SERIES EXISTS";5;0
"AVID";"MARK IV";"UNDESIGNATED SERIES";7;0
"AYRES";"S2";"UNDESIGNATED SERIES";1;0
"AYRES";"S2D600";"NO SERIES EXISTS";5;0
"AYRES";"S2R";"R1340";20;0
"AYRES";"S2R";"R3S";15;0
"AYRES";"S2R";"T11";1;0
"AYRES";"S2R";"T15";1;0
"AYRES";"S2R";"T34";38;0
"AYRES";"S2R";"UNDESIGNATED SERIES";150;0
"AYRES";"S2R600";"G1";1;0
"AYRES";"S2R600";"G10";11;0
"AYRES";"S2R600";"G5";1;0
"AYRES";"S2R600";"G6";5;0
"AYRES";"S2R600";"R1820";3;0
"AYRES";"S2R600";"T45";1;0
"AYRES";"S2R600";"T65";1;0
"AYRES";"S2R600";"UNDESIGNATED SERIES";6;0
"AYRES";"S2RHG600";"T65";3;0
"BAC";"167";"UNDESIGNATED SERIES";4;0
"BAC";"JET PROVOST";"UNDESIGNATED SERIES";2;0
"BAC";"ONE ELEVEN";"200";49;0
"BAC";"ONE ELEVEN";"201AC";10;0
"BAC";"ONE ELEVEN";"203AE";40;0
"BAC";"ONE ELEVEN";"212AR";2;0
"BAC";"ONE ELEVEN";"401CAK";4;0
"BAC";"ONE ELEVEN";"410AQ";1;0
"BAC";"ONE ELEVEN";"412EB";1;0
"BAC";"ONE ELEVEN";"414EG";1;0
"BAC";"ONE ELEVEN";"419EP";1;0
"BAC";"ONE ELEVEN";"UNDESIGNATED SERIES";34;1
"BAE";"ATP";"NO SERIES EXISTS";18;0
"BAE";"AVRO146RJ";"70A";1;0
"BAE";"AVRO146RJ";"85A";22;0
"BAE";"BAE125";"1000A";2;0
"BAE";"BAE125";"800A";19;0
"BAE";"BAE125";"800B";1;0
"BAE";"BAE125";"UNDESIGNATED SERIES";5;0
"BAE";"BAE146";"100A";8;0
"BAE";"BAE146";"200";36;0
"BAE";"BAE146";"200A";31;0
"BAE";"BAE146";"300";6;0
"BAE";"HS748";"2A";2;0
"BAE";"JETSTREAM3100";"3101";336;0
"BAE";"JETSTREAM3100";"3201";189;0
"BAE";"JETSTREAM3100";"UNDESIGNATED SERIES";2;0
"BAE";"JETSTREAM4100";"4101";69;0
"BAKENG";"DEUCE";"NO SERIES EXISTS";10;0
"BALLOON WORKS";"FIREFLY10";"NO SERIES EXISTS";3;0
"BALLOON WORKS";"FIREFLY11";"NO SERIES EXISTS";3;0
"BALLOON WORKS";"FIREFLY5";"NO SERIES EXISTS";1;0
"BALLOON WORKS";"FIREFLY6";"NO SERIES EXISTS";3;0
"BALLOON WORKS";"FIREFLY6B";"UNDESIGNATED SERIES";12;0
"BALLOON WORKS";"FIREFLY7";"15";7;1
"BALLOON WORKS";"FIREFLY7";"UNDESIGNATED SERIES";59;0
"BALLOON WORKS";"FIREFLY7B";"15";1;0
"BALLOON WORKS";"FIREFLY7B";"UNDESIGNATED SERIES";6;0
"BALLOON WORKS";"FIREFLY8";"24";9;0
"BALLOON WORKS";"FIREFLY8";"UNDESIGNATED SERIES";7;0
"BALLOON WORKS";"FIREFLY8B";"15";4;0
"BALLOON WORKS";"FIREFLY8B";"UNDESIGNATED SERIES";16;0
"BALLOON WORKS";"FIREFLY9";"NO SERIES EXISTS";6;0
"BARNETT";"J4B";"UNDESIGNATED SERIES";2;0
"BEAGLE";"B121";"1";1;0
"BEAGLE";"B206";"2";3;0
"BEDE";"BD4";"UNDESIGNATED SERIES";19;0
"BEDE";"BD5";"A";3;0
"BEDE";"BD5";"B";10;0
"BEDE";"BD5";"UNDESIGNATED SERIES";17;0
"BEECH";"100";"A100";37;0
"BEECH";"100";"A100A";1;0
"BEECH";"100";"B100";40;0
"BEECH";"100";"UNDESIGNATED SERIES";40;0
"BEECH";"17";"C17B";1;0
"BEECH";"17";"C17L";1;0
"BEECH";"17";"C17R";2;0
"BEECH";"17";"D17A";2;0
"BEECH";"17";"D17S";19;0
"BEECH";"17";"F17D";2;0
"BEECH";"17";"G17S";1;0
"BEECH";"18";"3N";2;0
"BEECH";"18";"3NM";10;0
"BEECH";"18";"3TM";3;0
"BEECH";"18";"A";1;0
"BEECH";"18";"C18S";4;1
"BEECH";"18";"D";3;0
"BEECH";"18";"D18C";5;1
"BEECH";"18";"D18S";81;6
"BEECH";"18";"E18S";194;2
"BEECH";"18";"E18S9700";6;0
"BEECH";"18";"G18S";112;1
"BEECH";"18";"H18";60;0
"BEECH";"18";"S";18;0
"BEECH";"18";"UNDESIGNATED SERIES";56;1
"BEECH";"19";"A";16;0
"BEECH";"19";"A23 19";23;0
"BEECH";"19";"B19";166;0
"BEECH";"1900";"C";295;0
"BEECH";"1900";"D";329;0
"BEECH";"1900";"UNDESIGNATED SERIES";74;0
"BEECH";"200";"B200";7;0
"BEECH";"200";"B200C";6;0
"BEECH";"200";"B200GT";2;0
"BEECH";"200";"T";1;0
"BEECH";"200";"UNDESIGNATED SERIES";377;3
"BEECH";"23";"A23";41;0
"BEECH";"23";"A23A";16;0
"BEECH";"23";"B23";38;0
"BEECH";"23";"C23";321;0
"BEECH";"23";"UNDESIGNATED SERIES";123;0
"BEECH";"24";"A23 24";41;0
"BEECH";"24";"A24R";62;0
"BEECH";"24";"B24R";174;0
"BEECH";"24";"C24R";281;0
"BEECH";"300";"B300";2;0
"BEECH";"300";"UNDESIGNATED SERIES";80;0
"BEECH";"33";"35 33";288;0
"BEECH";"33";"35A33";58;0
"BEECH";"33";"35B33";92;0
"BEECH";"33";"35C33";64;0
"BEECH";"33";"35C33A";33;0
"BEECH";"33";"E33A";26;0
"BEECH";"33";"E33C";8;0
"BEECH";"33";"F33";10;0
"BEECH";"33";"F33A";280;0
"BEECH";"33";"F33C";4;0
"BEECH";"33";"G33";16;0
"BEECH";"33";"UNDESIGNATED SERIES";33;0
"BEECH";"35";"A35";84;0
"BEECH";"35";"B35";128;0
"BEECH";"35";"C35";90;0
"BEECH";"35";"D35";60;0
"BEECH";"35";"E35";64;0
"BEECH";"35";"F35";81;0
"BEECH";"35";"G35";75;0
"BEECH";"35";"H35";109;0
"BEECH";"35";"J35";109;0
"BEECH";"35";"K35";122;0
"BEECH";"35";"M35";121;0
"BEECH";"35";"N35";70;0
"BEECH";"35";"P35";109;0
"BEECH";"35";"S35";159;1
"BEECH";"35";"UNDESIGNATED SERIES";15;0
"BEECH";"35";"V35";142;0
"BEECH";"35";"V35A";118;0
"BEECH";"35";"V35B";294;0
"BEECH";"35";"V35TC";2;0
"BEECH";"36";"A36";710;0
"BEECH";"36";"A36TC";73;0
"BEECH";"36";"B36TC";66;0
"BEECH";"36";"UNDESIGNATED SERIES";94;1
"BEECH";"400";"A";49;0
"BEECH";"400";"UNDESIGNATED SERIES";16;0
"BEECH";"45";"A45";47;0
"BEECH";"45";"B45";2;0
"BEECH";"45";"D45";20;0
"BEECH";"45";"UNDESIGNATED SERIES";8;0
"BEECH";"50";"B50";17;0
"BEECH";"50";"C50";15;0
"BEECH";"50";"D50";13;1
"BEECH";"50";"D50A";6;0
"BEECH";"50";"D50B";4;0
"BEECH";"50";"D50C";7;1
"BEECH";"50";"D50E";6;1
"BEECH";"50";"E50";2;0
"BEECH";"50";"F50";1;0
"BEECH";"50";"G50";2;0
"BEECH";"50";"H50";3;0
"BEECH";"50";"UNDESIGNATED SERIES";7;0
"BEECH";"55";"95 55";91;0
"BEECH";"55";"95A55";86;0
"BEECH";"55";"95B55";427;0
"BEECH";"55";"95B55A";4;0
"BEECH";"55";"95B55B";7;0
"BEECH";"55";"95C55";115;0
"BEECH";"55";"D55";77;0
"BEECH";"55";"E55";87;0
"BEECH";"55";"UNDESIGNATED SERIES";2;0
"BEECH";"56";"A56TC";2;0
"BEECH";"56";"TC";27;0
"BEECH";"58";"A";1;0
"BEECH";"58";"G58";1;0
"BEECH";"58";"P";168;0
"BEECH";"58";"TC";44;0
"BEECH";"58";"UNDESIGNATED SERIES";692;0
"BEECH";"60";"A60";34;0
"BEECH";"60";"B60";98;0
"BEECH";"60";"UNDESIGNATED SERIES";31;0
"BEECH";"65";"A65";11;1
"BEECH";"65";"UNDESIGNATED SERIES";70;2
"BEECH";"70";"NO SERIES EXISTS";1;0
"BEECH";"76";"NO SERIES EXISTS";309;0
"BEECH";"77";"NO SERIES EXISTS";92;0
"BEECH";"80";"65 80";27;1
"BEECH";"80";"65A80 8800";2;0
"BEECH";"80";"65B80";25;0
"BEECH";"88";"65 88";7;0
"BEECH";"90";"65 90";41;0
"BEECH";"90";"65A90";70;5
"BEECH";"90";"65A90 1";3;0
"BEECH";"90";"B90";99;12
"BEECH";"90";"C90";109;1
"BEECH";"90";"C90A";50;0
"BEECH";"90";"C90GT";2;0
"BEECH";"90";"C90GTI";4;0
"BEECH";"90";"E90";93;0
"BEECH";"90";"F90";33;0
"BEECH";"90";"UNDESIGNATED SERIES";1;0
"BEECH";"95";"B95";54;0
"BEECH";"95";"B95A";25;0
"BEECH";"95";"D95A";47;0
"BEECH";"95";"UNDESIGNATED SERIES";71;0
"BEECH";"99";"A";22;2
"BEECH";"99";"B99";96;0
"BEECH";"99";"C99";113;0
"BEECH";"99";"UNDESIGNATED SERIES";216;0
"BEECH";"AT11";"NO SERIES EXISTS";4;1
"BEECH";"C12";"A";1;0
"BEECH";"C12";"C";1;0
"BEECH";"C45";"G";17;0
"BEECH";"C45";"H";78;4
"BEECH";"C45";"RC45J";3;0
"BEECH";"C45";"TC45G";3;0
"BEECH";"C45";"TC45H";1;0
"BEECH";"C45";"TC45J";20;3
"BEECH";"C45";"UC45F";7;5
"BEECH";"C45";"UNDESIGNATED SERIES";6;1
"BEECH";"JRB";"6";1;0
"BEECH";"L23";"D";1;0
"BEECH";"SNB";"5";6;3
"BEECH";"T34";"A";29;0
"BEECH";"T34";"B";23;0
"BEECH";"T34";"C";2;0
"BEECH";"T42";"A";7;0
"BEECH";"T42";"UNDESIGNATED SERIES";5;0
"BEECH";"U8";"D";3;2
"BELL";"204";"B";9;0
"BELL";"205";"A";5;0
"BELL";"205";"A1";11;0
"BELL";"206";"A";14;0
"BELL";"206";"B";321;1
"BELL";"206";"L";40;0
"BELL";"206";"L1";183;0
"BELL";"206";"L3";63;0
"BELL";"206";"L4";21;0
"BELL";"206";"UNDESIGNATED SERIES";33;0
"BELL";"212";"NO SERIES EXISTS";45;0
"BELL";"214";"B";2;0
"BELL";"214";"B1";2;0
"BELL";"214";"ST";17;0
"BELL";"214";"UNDESIGNATED SERIES";1;0
"BELL";"222";"B";8;0
"BELL";"222";"U";36;0
"BELL";"222";"UNDESIGNATED SERIES";19;0
"BELL";"222";"UT";2;0
"BELL";"230";"NO SERIES EXISTS";5;0
"BELL";"407";"NO SERIES EXISTS";62;0
"BELL";"412";"EP";1;0
"BELL";"412";"UNDESIGNATED SERIES";40;0
"BELL";"427";"NO SERIES EXISTS";1;0
"BELL";"430";"NO SERIES EXISTS";12;0
"BELL";"47";"NO SERIES EXISTS";3;0
"BELL";"47B";"3";1;0
"BELL";"47D";"1";26;0
"BELL";"47G";"2";36;0
"BELL";"47G";"2A";8;0
"BELL";"47G";"2A1";3;0
"BELL";"47G";"3";2;0
"BELL";"47G";"3B";2;0
"BELL";"47G";"3B1";23;0
"BELL";"47G";"3B2";7;0
"BELL";"47G";"3B2A";4;0
"BELL";"47G";"4";7;0
"BELL";"47G";"4A";13;1
"BELL";"47G";"5";8;0
"BELL";"47G";"5A";11;0
"BELL";"47G";"UNDESIGNATED SERIES";37;0
"BELL";"47H";"1";6;0
"BELL";"47J";"2";7;1
"BELL";"47J";"2A";3;0
"BELL";"47J";"UNDESIGNATED SERIES";1;0
"BELL";"OH13";"G";10;0
"BELL";"OH13";"UNDESIGNATED SERIES";2;0
"BELL";"OH58A";"NO SERIES EXISTS";6;0
"BELL";"OH58C";"NO SERIES EXISTS";5;0
"BELL";"P39";"UNDESIGNATED SERIES";1;0
"BELL";"P63";"UNDESIGNATED SERIES";1;0
"BELL";"TAH1F";"NO SERIES EXISTS";3;0
"BELL";"TH13";"T";2;0
"BELL";"UH1B";"NO SERIES EXISTS";13;0
"BELL";"UH1E";"NO SERIES EXISTS";3;0
"BELL";"UH1H";"NO SERIES EXISTS";11;0
"BELL";"UH1N";"NO SERIES EXISTS";1;0
"BELLANCA";"1413";"2";38;0
"BELLANCA";"1413";"3";6;0
"BELLANCA";"1413";"UNDESIGNATED SERIES";21;0
"BELLANCA";"1419";"2";36;0
"BELLANCA";"1419";"3";35;0
"BELLANCA";"1419";"3A";37;0
"BELLANCA";"1419";"UNDESIGNATED SERIES";12;0
"BELLANCA";"149";"UNDESIGNATED SERIES";3;0
"BELLANCA";"1730";"A";325;0
"BELLANCA";"1730";"UNDESIGNATED SERIES";117;0
"BELLANCA";"1731";"A";66;0
"BELLANCA";"1731";"ATC";55;0
"BELLANCA";"1731";"TC";3;0
"BELLANCA";"1731";"UNDESIGNATED SERIES";8;0
"BELLANCA";"3142";"NO SERIES EXISTS";1;0
"BELLANCA";"CH300";"NO SERIES EXISTS";1;0
"BENSEN";"B8";"UNDESIGNATED SERIES";9;0
"BENSEN";"B8M";"UNDESIGNATED SERIES";29;0
"BIRD";"CK";"NO SERIES EXISTS";2;0
"BOEING";"707";"123B";18;0
"BOEING";"707";"131";2;0
"BOEING";"707";"131B";26;0
"BOEING";"707";"138B";1;0
"BOEING";"707";"311C";1;0
"BOEING";"707";"320";4;0
"BOEING";"707";"320C";4;0
"BOEING";"707";"321";5;0
"BOEING";"707";"321B";7;0
"BOEING";"707";"321C";9;0
"BOEING";"707";"323B";14;0
"BOEING";"707";"323C";25;0
"BOEING";"707";"330C";1;0
"BOEING";"707";"331";5;0
"BOEING";"707";"331B";25;0
"BOEING";"707";"331C";3;0
"BOEING";"707";"338C";1;0
"BOEING";"707";"351C";4;0
"BOEING";"707";"385C";1;0
"BOEING";"707";"387B";1;0
"BOEING";"707";"399C";3;0
"BOEING";"707";"UNDESIGNATED SERIES";127;0
"BOEING";"717";"200";37;0
"BOEING";"720";"022";1;0
"BOEING";"720";"025";1;0
"BOEING";"720";"047B";1;0
"BOEING";"720";"051B";1;0
"BOEING";"720";"UNDESIGNATED SERIES";2;0
"BOEING";"727";"100";31;0
"BOEING";"727";"108C";1;0
"BOEING";"727";"116";1;0
"BOEING";"727";"123";5;0
"BOEING";"727";"151C";2;0
"BOEING";"727";"155C";1;0
"BOEING";"727";"17";1;0
"BOEING";"727";"172C";4;0
"BOEING";"727";"173C";1;0
"BOEING";"727";"180C";3;0
"BOEING";"727";"185C";2;0
"BOEING";"727";"191";1;0
"BOEING";"727";"200";206;5
"BOEING";"727";"208";3;0
"BOEING";"727";"21";19;0
"BOEING";"727";"212";6;0
"BOEING";"727";"214";43;0
"BOEING";"727";"21C";3;0
"BOEING";"727";"22";120;0
"BOEING";"727";"221";11;0
"BOEING";"727";"222";194;0
"BOEING";"727";"223";240;0
"BOEING";"727";"224";109;1
"BOEING";"727";"225";154;2
"BOEING";"727";"227";135;0
"BOEING";"727";"228";7;0
"BOEING";"727";"22C";47;0
"BOEING";"727";"23";100;0
"BOEING";"727";"230";4;0
"BOEING";"727";"231";173;0
"BOEING";"727";"232";238;1
"BOEING";"727";"233";18;0
"BOEING";"727";"235";31;0
"BOEING";"727";"243";20;0
"BOEING";"727";"247";101;0
"BOEING";"727";"24C";3;0
"BOEING";"727";"25";65;0
"BOEING";"727";"251";127;0
"BOEING";"727";"254";8;0
"BOEING";"727";"25C";22;0
"BOEING";"727";"260";1;0
"BOEING";"727";"264";10;0
"BOEING";"727";"27";3;0
"BOEING";"727";"270";1;0
"BOEING";"727";"276";2;0
"BOEING";"727";"277";45;0
"BOEING";"727";"27C";6;0
"BOEING";"727";"281";6;0
"BOEING";"727";"282";1;0
"BOEING";"727";"29";2;0
"BOEING";"727";"290";9;0
"BOEING";"727";"291";9;0
"BOEING";"727";"295";25;0
"BOEING";"727";"2A1";5;0
"BOEING";"727";"2A7";2;0
"BOEING";"727";"2B7";16;0
"BOEING";"727";"2D4";2;0
"BOEING";"727";"2F9";1;0
"BOEING";"727";"2H3";2;0
"BOEING";"727";"2J0";6;0
"BOEING";"727";"2J4";6;0
"BOEING";"727";"2J7";4;0
"BOEING";"727";"2K5";1;0
"BOEING";"727";"2L5";1;0
"BOEING";"727";"2M7";22;0
"BOEING";"727";"2Q6";3;0
"BOEING";"727";"2Q8";4;0
"BOEING";"727";"2S2F";15;0
"BOEING";"727";"2S7";17;0
"BOEING";"727";"2X3";1;0
"BOEING";"727";"30";11;0
"BOEING";"727";"30C";6;0
"BOEING";"727";"31";82;0
"BOEING";"727";"31C";4;0
"BOEING";"727";"35";20;0
"BOEING";"727";"44";4;0
"BOEING";"727";"44C";3;0
"BOEING";"727";"46";1;0
"BOEING";"727";"51";26;0
"BOEING";"727";"51C";22;0
"BOEING";"727";"61";3;0
"BOEING";"727";"62C";2;0
"BOEING";"727";"76";8;0
"BOEING";"727";"77C";1;0
"BOEING";"727";"82";1;0
"BOEING";"727";"89";1;0
"BOEING";"727";"90C";4;0
"BOEING";"727";"92C";5;0
"BOEING";"727";"95";2;0
"BOEING";"727";"UNDESIGNATED SERIES";748;2
"BOEING";"737";"100";9;0
"BOEING";"737";"112";2;0
"BOEING";"737";"130";44;0
"BOEING";"737";"200";104;0
"BOEING";"737";"201";73;0
"BOEING";"737";"202C";1;0
"BOEING";"737";"204";4;0
"BOEING";"737";"205";6;0
"BOEING";"737";"210C";11;0
"BOEING";"737";"212";4;0
"BOEING";"737";"214";11;0
"BOEING";"737";"217";10;0
"BOEING";"737";"219";1;0
"BOEING";"737";"222";131;0
"BOEING";"737";"230";12;0
"BOEING";"737";"230C";2;0
"BOEING";"737";"232";57;0
"BOEING";"737";"236";1;0
"BOEING";"737";"242";1;0
"BOEING";"737";"244";6;0
"BOEING";"737";"247";67;0
"BOEING";"737";"25A";2;0
"BOEING";"737";"275";5;0
"BOEING";"737";"275C";2;0
"BOEING";"737";"277";11;0
"BOEING";"737";"281";9;0
"BOEING";"737";"282";4;0
"BOEING";"737";"284";3;0
"BOEING";"737";"287";1;0
"BOEING";"737";"290C";9;0
"BOEING";"737";"291";55;0
"BOEING";"737";"293";12;0
"BOEING";"737";"297";14;0
"BOEING";"737";"298C";1;0
"BOEING";"737";"2A1";7;0
"BOEING";"737";"2A6";4;0
"BOEING";"737";"2A9C";1;0
"BOEING";"737";"2B7";35;0
"BOEING";"737";"2C0";9;0
"BOEING";"737";"2E1";1;0
"BOEING";"737";"2E3";4;0
"BOEING";"737";"2H4";72;0
"BOEING";"737";"2H5";6;0
"BOEING";"737";"2H6";1;0
"BOEING";"737";"2J8";2;0
"BOEING";"737";"2K5";2;0
"BOEING";"737";"2K6";1;0
"BOEING";"737";"2K9";1;0
"BOEING";"737";"2L9";2;0
"BOEING";"737";"2M6C";1;0
"BOEING";"737";"2P6";3;0
"BOEING";"737";"2Q8";4;0
"BOEING";"737";"2Q8C";8;0
"BOEING";"737";"2Q9";5;0
"BOEING";"737";"2S2C";1;0
"BOEING";"737";"2S5C";1;0
"BOEING";"737";"2T2";1;0
"BOEING";"737";"2T4";17;0
"BOEING";"737";"2U9";3;0
"BOEING";"737";"2X6C";13;0
"BOEING";"737";"2Y5";2;0
"BOEING";"737";"300";64;0
"BOEING";"737";"301";51;0
"BOEING";"737";"306";1;0
"BOEING";"737";"317";3;0
"BOEING";"737";"322";82;0
"BOEING";"737";"330";1;0
"BOEING";"737";"33A";18;0
"BOEING";"737";"347";33;0
"BOEING";"737";"35B";1;0
"BOEING";"737";"3A4";6;0
"BOEING";"737";"3B7";51;1
"BOEING";"737";"3G7";18;0
"BOEING";"737";"3H4";102;0
"BOEING";"737";"3L9";1;0
"BOEING";"737";"3Q8";12;0
"BOEING";"737";"3S3";3;0
"BOEING";"737";"3T0";68;0
"BOEING";"737";"3T5";4;0
"BOEING";"737";"3Y0";5;0
"BOEING";"737";"400";4;0
"BOEING";"737";"401";23;0
"BOEING";"737";"490";13;0
"BOEING";"737";"4B7";22;0
"BOEING";"737";"4Q8";9;0
"BOEING";"737";"4S3";2;0
"BOEING";"737";"4Y0";1;0
"BOEING";"737";"500";7;0
"BOEING";"737";"522";26;0
"BOEING";"737";"524";29;0
"BOEING";"737";"5H4";14;0
"BOEING";"737";"724";15;0
"BOEING";"737";"732";2;0
"BOEING";"737";"73A";2;0
"BOEING";"737";"73V";2;0
"BOEING";"737";"752";2;0
"BOEING";"737";"76N";5;0
"BOEING";"737";"76Q";2;0
"BOEING";"737";"790";4;0
"BOEING";"737";"7AV";1;0
"BOEING";"737";"7BC";2;0
"BOEING";"737";"7BD";2;0
"BOEING";"737";"7H4";52;0
"BOEING";"737";"7Q8";1;0
"BOEING";"737";"800";2;0
"BOEING";"737";"81Q";2;0
"BOEING";"737";"823";18;0
"BOEING";"737";"824";30;0
"BOEING";"737";"832";23;0
"BOEING";"737";"83N";4;0
"BOEING";"737";"890";3;0
"BOEING";"737";"8BK";2;0
"BOEING";"737";"8Q8";8;0
"BOEING";"737";"8Z9";1;0
"BOEING";"737";"924";5;0
"BOEING";"737";"924ER";2;0
"BOEING";"737";"990";2;0
"BOEING";"737";"990ER";1;0
"BOEING";"737";"UNDESIGNATED SERIES";209;1
"BOEING";"747";"100";5;0
"BOEING";"747";"121";67;0
"BOEING";"747";"122";52;0
"BOEING";"747";"123";33;0
"BOEING";"747";"124";2;0
"BOEING";"747";"127";2;0
"BOEING";"747";"128";3;0
"BOEING";"747";"130";1;0
"BOEING";"747";"131";25;0
"BOEING";"747";"132";18;0
"BOEING";"747";"133";1;0
"BOEING";"747";"135";1;0
"BOEING";"747";"136";8;0
"BOEING";"747";"143";5;0
"BOEING";"747";"146";3;0
"BOEING";"747";"151";22;0
"BOEING";"747";"156";3;0
"BOEING";"747";"200";20;0
"BOEING";"747";"206B";2;0
"BOEING";"747";"212B";21;0
"BOEING";"747";"227B";4;0
"BOEING";"747";"228B";2;0
"BOEING";"747";"230B";5;0
"BOEING";"747";"230F";1;0
"BOEING";"747";"238B";12;0
"BOEING";"747";"243B";6;0
"BOEING";"747";"245F";11;0
"BOEING";"747";"246F";1;0
"BOEING";"747";"249F";5;0
"BOEING";"747";"251B";30;0
"BOEING";"747";"251F";10;0
"BOEING";"747";"257B";1;0
"BOEING";"747";"267B";1;0
"BOEING";"747";"269B";2;0
"BOEING";"747";"271C";2;0
"BOEING";"747";"273C";10;0
"BOEING";"747";"281F";1;0
"BOEING";"747";"282B";2;0
"BOEING";"747";"283B";3;0
"BOEING";"747";"284B";2;0
"BOEING";"747";"2B4B";3;0
"BOEING";"747";"2D7B";2;0
"BOEING";"747";"2F6B";5;0
"BOEING";"747";"2J9F";1;0
"BOEING";"747";"2R7F";1;0
"BOEING";"747";"300";4;0
"BOEING";"747";"400";24;0
"BOEING";"747";"409";1;0
"BOEING";"747";"422";16;0
"BOEING";"747";"428F";1;0
"BOEING";"747";"438";1;0
"BOEING";"747";"446";1;0
"BOEING";"747";"451";12;0
"BOEING";"747";"45E";2;0
"BOEING";"747";"45EF";1;0
"BOEING";"747";"467F";1;0
"BOEING";"747";"46NF";1;0
"BOEING";"747";"481";1;0
"BOEING";"747";"4B5";1;0
"BOEING";"747";"4F6";1;0
"BOEING";"747";"4J6";1;0
"BOEING";"747";"4R7F";1;0
"BOEING";"747";"SP09";1;0
"BOEING";"747";"SP21";13;0
"BOEING";"747";"SP27";1;0
"BOEING";"747";"SP31";4;2
"BOEING";"747";"SP44";1;0
"BOEING";"747";"SPJ6";1;0
"BOEING";"747";"SR46";1;0
"BOEING";"747";"UNDESIGNATED SERIES";220;0
"BOEING";"757";"200";14;0
"BOEING";"757";"204";1;0
"BOEING";"757";"212";8;0
"BOEING";"757";"222";60;1
"BOEING";"757";"223";57;0
"BOEING";"757";"224";6;0
"BOEING";"757";"225";45;0
"BOEING";"757";"231";4;0
"BOEING";"757";"232";116;1
"BOEING";"757";"236";2;0
"BOEING";"757";"23A";4;0
"BOEING";"757";"23APF";3;0
"BOEING";"757";"23N";6;0
"BOEING";"757";"24APF";18;0
"BOEING";"757";"251";49;0
"BOEING";"757";"28A";3;1
"BOEING";"757";"2B7";9;0
"BOEING";"757";"2G7";3;0
"BOEING";"757";"2Q8";6;0
"BOEING";"757";"2S7";11;0
"BOEING";"757";"324";1;0
"BOEING";"757";"33N";8;0
"BOEING";"757";"351";3;0
"BOEING";"757";"UNDESIGNATED SERIES";16;0
"BOEING";"767";"200";3;0
"BOEING";"767";"201";6;0
"BOEING";"767";"205";2;0
"BOEING";"767";"222";32;0
"BOEING";"767";"223";39;0
"BOEING";"767";"224";2;0
"BOEING";"767";"231";25;0
"BOEING";"767";"232";23;0
"BOEING";"767";"238";1;0
"BOEING";"767";"259";1;0
"BOEING";"767";"281";4;0
"BOEING";"767";"2B7";3;0
"BOEING";"767";"2EY";2;0
"BOEING";"767";"2S1";2;0
"BOEING";"767";"300";8;0
"BOEING";"767";"322";22;0
"BOEING";"767";"323";24;0
"BOEING";"767";"332";35;0
"BOEING";"767";"33A";2;0
"BOEING";"767";"34AF";8;0
"BOEING";"767";"3CB";1;0
"BOEING";"767";"3P6";3;0
"BOEING";"767";"424ER";2;0
"BOEING";"767";"432ER";5;0
"BOEING";"767";"UNDESIGNATED SERIES";19;0
"BOEING";"777";"200";1;0
"BOEING";"777";"222";21;0
"BOEING";"777";"223";4;0
"BOEING";"777";"224";5;0
"BOEING";"777";"232";4;0
"BOEING";"777";"232LR";1;0
"BOEING";"777";"236";1;0
"BOEING";"777";"300";3;0
"BOEING";"777";"31HER";1;0
"BOEING";"777";"UNDESIGNATED SERIES";5;0
"BOEING";"787";"8";1;0
"BOEING";"B17";"G";9;0
"BOEING";"KC135";"A";1;0
"BOEING";"KC97";"G";2;0
"BOLKOW";"BO105";"A";6;0
"BOLKOW";"BO105";"UNDESIGNATED SERIES";26;1
"BOLKOW";"BO208";"NO SERIES EXISTS";1;0
"BOLKOW";"BO209";"150FF";1;0
"BOMBARDIER";"BD100 1A10";"NO SERIES EXISTS";13;0
"BOMBARDIER";"BD700 1A10";"NO SERIES EXISTS";4;0
"BOMBARDIER";"BD700 1A11";"NO SERIES EXISTS";1;0
"BOMBARDIER";"CL600 2B19";"UNDESIGNATED SERIES";455;0
"BOMBARDIER";"CL600 2C10";"700";93;0
"BOMBARDIER";"CL600 2D24";"900";30;0
"BOMBARDIER";"CL600 2E25";"1000";1;0
"BOUNSALL";"PROSPECTOR";"NO SERIES EXISTS";2;0
"BOWERS";"FLYBABY";"1A";20;0
"BOWERS";"FLYBABY";"UNDESIGNATED SERIES";2;0
"BRANTLY";"305";"NO SERIES EXISTS";1;0
"BRANTLY";"B2";"B";9;0
"BRANTLY";"B2";"UNDESIGNATED SERIES";4;0
"BRITTEN NORMAN";"BN2";"NO SERIES EXISTS";9;0
"BRITTEN NORMAN";"BN2A";"20";3;0
"BRITTEN NORMAN";"BN2A";"21";2;0
"BRITTEN NORMAN";"BN2A";"26";10;0
"BRITTEN NORMAN";"BN2A";"8";5;0
"BRITTEN NORMAN";"BN2A";"III";9;0
"BRITTEN NORMAN";"BN2A";"UNDESIGNATED SERIES";8;0
"BRITTEN NORMAN";"BN2B";"21";2;0
"BRITTEN NORMAN";"BN2B";"26";2;0
"BRITTEN NORMAN";"BN2B";"27";2;0
"BROCK";"KB2";"NO SERIES EXISTS";3;0
"BUCKER";"BU131";"UNDESIGNATED SERIES";2;0
"BUETHE";"BARRACUDA";"NO SERIES EXISTS";26;0
"BUSHBY";"MUSTANG II";"NO SERIES EXISTS";43;0
"BUSHMASTER";"2000";"NO SERIES EXISTS";1;0
"CALLAIR";"A2";"NO SERIES EXISTS";1;0
"CALLAIR";"A6";"NO SERIES EXISTS";1;0
"CALLAIR";"A9";"A";10;0
"CALLAIR";"A9";"B";12;0
"CALLAIR";"B1";"A";2;0
"CAMERON";"A105";"NO SERIES EXISTS";7;0
"CAMERON";"A140";"NO SERIES EXISTS";6;0
"CAMERON";"A180";"NO SERIES EXISTS";1;0
"CAMERON";"A210";"NO SERIES EXISTS";6;0
"CAMERON";"A250";"NO SERIES EXISTS";3;0
"CAMERON";"A315";"NO SERIES EXISTS";2;0
"CAMERON";"C80";"NO SERIES EXISTS";1;0
"CAMERON";"N105";"NO SERIES EXISTS";5;0
"CAMERON";"N120";"NO SERIES EXISTS";3;0
"CAMERON";"N133";"UNDESIGNATED SERIES";1;0
"CAMERON";"N160";"NO SERIES EXISTS";3;0
"CAMERON";"N65";"NO SERIES EXISTS";1;0
"CAMERON";"N77";"NO SERIES EXISTS";3;0
"CAMERON";"N90";"UNDESIGNATED SERIES";6;0
"CAMERON";"O105";"NO SERIES EXISTS";2;0
"CAMERON";"O56";"NO SERIES EXISTS";1;0
"CAMERON";"O65";"NO SERIES EXISTS";3;0
"CAMERON";"O77";"UNDESIGNATED SERIES";10;0
"CAMERON";"O84";"NO SERIES EXISTS";2;0
"CAMERON";"O90";"NO SERIES EXISTS";2;0
"CAMERON";"V56";"NO SERIES EXISTS";2;0
"CAMERON";"V77";"NO SERIES EXISTS";8;0
"CAMERON";"V90";"UNDESIGNATED SERIES";4;0
"CAMERON";"Z90";"NO SERIES EXISTS";3;0
"CANADAIR";"CL215 1A10";"215";2;0
"CANADAIR";"CL44";"D4";4;0
"CANADAIR";"CL44";"J";1;0
"CANADAIR";"CL600 1A11";"600";53;0
"CANADAIR";"CL600 2A12";"601";17;0
"CANADAIR";"CL600 2B16";"6013A";2;0
"CANADAIR";"CL600 2B16";"UNDESIGNATED SERIES";43;0
"CANADAIR";"F86E";"VI";3;0
"CANADAIR";"T33";"T33";1;0
"CASA";"1 131";"UNDESIGNATED SERIES";3;0
"CASA";"C212";"CB";7;3
"CASA";"C212";"CC";7;0
"CASA";"C212";"CD";3;0
"CASA";"C212";"UNDESIGNATED SERIES";27;1
"CASSUTT";"IIIM";"SPORT";6;0
"CASSUTT";"SPECIAL";"I";2;0
"CASSUTT";"SPECIAL";"II";2;0
"CCF";"HARVARD";"IV";1;0
"CENTRAIR";"101";"A";3;0
"CENTRAIR";"101";"UNDESIGNATED SERIES";4;0
"CESSNA";"120";"NO SERIES EXISTS";71;0
"CESSNA";"140";"A";14;0
"CESSNA";"140";"UNDESIGNATED SERIES";201;0
"CESSNA";"150";"A";11;0
"CESSNA";"150";"B";12;0
"CESSNA";"150";"C";18;0
"CESSNA";"150";"D";30;0
"CESSNA";"150";"E";33;0
"CESSNA";"150";"F";177;0
"CESSNA";"150";"G";189;1
"CESSNA";"150";"H";184;0
"CESSNA";"150";"J";166;0
"CESSNA";"150";"K";94;0
"CESSNA";"150";"L";540;0
"CESSNA";"150";"M";693;0
"CESSNA";"150";"UNDESIGNATED SERIES";365;0
"CESSNA";"152";"NO SERIES EXISTS";2464;1
"CESSNA";"162";"NO SERIES EXISTS";9;0
"CESSNA";"170";"A";73;0
"CESSNA";"170";"B";154;3
"CESSNA";"170";"UNDESIGNATED SERIES";60;0
"CESSNA";"172";"A";57;0
"CESSNA";"172";"B";50;1
"CESSNA";"172";"C";66;0
"CESSNA";"172";"D";54;0
"CESSNA";"172";"E";82;0
"CESSNA";"172";"F";112;1
"CESSNA";"172";"G";109;1
"CESSNA";"172";"H";121;0
"CESSNA";"172";"I";55;0
"CESSNA";"172";"K";181;2
"CESSNA";"172";"L";122;2
"CESSNA";"172";"M";788;1
"CESSNA";"172";"N";1216;5
"CESSNA";"172";"P";615;3
"CESSNA";"172";"Q";7;0
"CESSNA";"172";"R";122;0
"CESSNA";"172";"S";258;0
"CESSNA";"172";"UNDESIGNATED SERIES";503;5
"CESSNA";"172RG";"NO SERIES EXISTS";725;0
"CESSNA";"175";"A";41;0
"CESSNA";"175";"B";18;0
"CESSNA";"175";"C";11;0
"CESSNA";"175";"UNDESIGNATED SERIES";87;2
"CESSNA";"177";"A";15;0
"CESSNA";"177";"B";137;0
"CESSNA";"177";"UNDESIGNATED SERIES";148;0
"CESSNA";"177RG";"NO SERIES EXISTS";832;1
"CESSNA";"180";"A";36;2
"CESSNA";"180";"B";15;0
"CESSNA";"180";"C";14;0
"CESSNA";"180";"D";13;2
"CESSNA";"180";"E";2;0
"CESSNA";"180";"F";8;0
"CESSNA";"180";"G";6;0
"CESSNA";"180";"H";49;1
"CESSNA";"180";"J";52;0
"CESSNA";"180";"K";57;1
"CESSNA";"180";"UNDESIGNATED SERIES";282;34
"CESSNA";"182";"A";229;69
"CESSNA";"182";"B";85;23
"CESSNA";"182";"C";72;11
"CESSNA";"182";"D";45;7
"CESSNA";"182";"E";57;6
"CESSNA";"182";"F";36;3
"CESSNA";"182";"G";52;1
"CESSNA";"182";"H";62;6
"CESSNA";"182";"J";63;1
"CESSNA";"182";"K";49;1
"CESSNA";"182";"L";58;0
"CESSNA";"182";"M";57;0
"CESSNA";"182";"N";61;3
"CESSNA";"182";"P";289;4
"CESSNA";"182";"Q";223;1
"CESSNA";"182";"R";647;0
"CESSNA";"182";"S";24;0
"CESSNA";"182";"T";58;0
"CESSNA";"182";"UNDESIGNATED SERIES";363;91
"CESSNA";"185";"A";13;1
"CESSNA";"185";"B";6;0
"CESSNA";"185";"C";8;0
"CESSNA";"185";"D";6;0
"CESSNA";"185";"E";16;0
"CESSNA";"185";"UNDESIGNATED SERIES";94;2
"CESSNA";"188";"A";16;0
"CESSNA";"188";"B";35;0
"CESSNA";"188";"UNDESIGNATED SERIES";30;0
"CESSNA";"190";"NO SERIES EXISTS";7;0
"CESSNA";"195";"A";18;0
"CESSNA";"195";"B";20;0
"CESSNA";"195";"UNDESIGNATED SERIES";28;0
"CESSNA";"206";"H";11;0
"CESSNA";"206";"UNDESIGNATED SERIES";132;10
"CESSNA";"207";"A";132;0
"CESSNA";"207";"UNDESIGNATED SERIES";129;0
"CESSNA";"208";"A";9;0
"CESSNA";"208";"B";139;11
"CESSNA";"208";"UNDESIGNATED SERIES";60;6
"CESSNA";"210";"A";67;0
"CESSNA";"210";"B";83;1
"CESSNA";"210";"C";43;0
"CESSNA";"210";"D";105;0
"CESSNA";"210";"E";74;0
"CESSNA";"210";"F";27;0
"CESSNA";"210";"G";52;0
"CESSNA";"210";"H";44;2
"CESSNA";"210";"J";40;0
"CESSNA";"210";"K";72;0
"CESSNA";"210";"L";312;0
"CESSNA";"210";"M";163;0
"CESSNA";"210";"N";120;0
"CESSNA";"210";"R";1;0
"CESSNA";"210";"UNDESIGNATED SERIES";415;6
"CESSNA";"305";"A";42;0
"CESSNA";"305";"B";2;0
"CESSNA";"305";"C";2;0
"CESSNA";"305";"E";1;0
"CESSNA";"305";"F";3;0
"CESSNA";"305";"UNDESIGNATED SERIES";5;0
"CESSNA";"310";"A";25;0
"CESSNA";"310";"B";59;0
"CESSNA";"310";"C";59;0
"CESSNA";"310";"D";74;0
"CESSNA";"310";"E";3;0
"CESSNA";"310";"F";35;0
"CESSNA";"310";"G";30;0
"CESSNA";"310";"H";49;0
"CESSNA";"310";"I";72;0
"CESSNA";"310";"J";83;0
"CESSNA";"310";"K";80;0
"CESSNA";"310";"L";94;0
"CESSNA";"310";"N";89;0
"CESSNA";"310";"P";83;0
"CESSNA";"310";"Q";197;0
"CESSNA";"310";"R";274;1
"CESSNA";"310";"UNDESIGNATED SERIES";176;0
"CESSNA";"320";"A";12;0
"CESSNA";"320";"B";20;0
"CESSNA";"320";"C";17;0
"CESSNA";"320";"D";36;0
"CESSNA";"320";"E";47;0
"CESSNA";"320";"F";22;0
"CESSNA";"320";"UNDESIGNATED SERIES";49;0
"CESSNA";"321";"NO SERIES EXISTS";1;0
"CESSNA";"335";"NO SERIES EXISTS";12;0
"CESSNA";"336";"NO SERIES EXISTS";5;0
"CESSNA";"337";"A";26;0
"CESSNA";"337";"B";17;0
"CESSNA";"337";"C";17;0
"CESSNA";"337";"D";23;0
"CESSNA";"337";"E";11;0
"CESSNA";"337";"F";11;0
"CESSNA";"337";"G";69;0
"CESSNA";"337";"H";13;0
"CESSNA";"337";"UNDESIGNATED SERIES";70;0
"CESSNA";"340";"A";209;0
"CESSNA";"340";"UNDESIGNATED SERIES";122;0
"CESSNA";"401";"A";50;0
"CESSNA";"401";"B";27;0
"CESSNA";"401";"UNDESIGNATED SERIES";63;0
"CESSNA";"402";"A";70;0
"CESSNA";"402";"B";283;1
"CESSNA";"402";"C";343;0
"CESSNA";"402";"UNDESIGNATED SERIES";117;1
"CESSNA";"404";"NO SERIES EXISTS";115;0
"CESSNA";"411";"A";12;0
"CESSNA";"411";"UNDESIGNATED SERIES";38;0
"CESSNA";"414";"A";185;1
"CESSNA";"414";"UNDESIGNATED SERIES";186;0
"CESSNA";"421";"A";37;0
"CESSNA";"421";"B";215;0
"CESSNA";"421";"C";287;0
"CESSNA";"421";"UNDESIGNATED SERIES";99;0
"CESSNA";"425";"NO SERIES EXISTS";38;0
"CESSNA";"441";"NO SERIES EXISTS";100;0
"CESSNA";"500";"NO SERIES EXISTS";84;0
"CESSNA";"501";"NO SERIES EXISTS";57;0
"CESSNA";"510";"NO SERIES EXISTS";10;0
"CESSNA";"525";"A";12;0
"CESSNA";"525";"B";16;0
"CESSNA";"525";"C";4;0
"CESSNA";"525";"UNDESIGNATED SERIES";27;0
"CESSNA";"550";"NO SERIES EXISTS";186;0
"CESSNA";"551";"NO SERIES EXISTS";16;0
"CESSNA";"560";"UNDESIGNATED SERIES";75;0
"CESSNA";"560";"XL";50;0
"CESSNA";"650";"NO SERIES EXISTS";55;0
"CESSNA";"680";"UNDESIGNATED SERIES";15;0
"CESSNA";"750";"NO SERIES EXISTS";49;0
"CESSNA";"A150";"K";23;0
"CESSNA";"A150";"L";21;0
"CESSNA";"A150";"M";24;0
"CESSNA";"A185";"E";59;3
"CESSNA";"A185";"F";296;5
"CESSNA";"A188";"A";15;0
"CESSNA";"A188";"B";134;1
"CESSNA";"A37";"A";2;0
"CESSNA";"C145";"NO SERIES EXISTS";1;0
"CESSNA";"C165";"NO SERIES EXISTS";2;0
"CESSNA";"C37";"NO SERIES EXISTS";5;0
"CESSNA";"C38";"NO SERIES EXISTS";1;0
"CESSNA";"E310";"H";2;0
"CESSNA";"F406";"NO SERIES EXISTS";6;0
"CESSNA";"L19";"E";4;0
"CESSNA";"L19";"UNDESIGNATED SERIES";2;0
"CESSNA";"LC126";"C";1;0
"CESSNA";"LC41";"550FG";5;0
"CESSNA";"M337";"B";5;0
"CESSNA";"O2";"A";4;0
"CESSNA";"P172";"D";3;0
"CESSNA";"P206";"A";18;3
"CESSNA";"P206";"B";12;0
"CESSNA";"P206";"C";14;5
"CESSNA";"P206";"D";6;2
"CESSNA";"P206";"UNDESIGNATED SERIES";31;2
"CESSNA";"P210";"N";337;0
"CESSNA";"P210";"R";13;0
"CESSNA";"P337";"H";36;0
"CESSNA";"R172";"E";21;0
"CESSNA";"R172";"K";110;1
"CESSNA";"T182";"T";24;0
"CESSNA";"T188";"C";22;0
"CESSNA";"T206";"H";35;0
"CESSNA";"T207";"A";28;0
"CESSNA";"T207";"UNDESIGNATED SERIES";25;0
"CESSNA";"T210";"F";51;0
"CESSNA";"T210";"G";22;0
"CESSNA";"T210";"H";23;0
"CESSNA";"T210";"J";15;0
"CESSNA";"T210";"K";35;0
"CESSNA";"T210";"L";317;1
"CESSNA";"T210";"M";385;0
"CESSNA";"T210";"N";450;1
"CESSNA";"T210";"R";17;0
"CESSNA";"T210";"UNDESIGNATED SERIES";25;0
"CESSNA";"T240";"NO SERIES EXISTS";1;0
"CESSNA";"T303";"NO SERIES EXISTS";41;0
"CESSNA";"T310";"P";11;0
"CESSNA";"T310";"Q";35;0
"CESSNA";"T310";"R";37;0
"CESSNA";"T337";"B";10;0
"CESSNA";"T337";"C";5;0
"CESSNA";"T337";"D";3;0
"CESSNA";"T337";"E";5;0
"CESSNA";"T337";"F";3;0
"CESSNA";"T337";"G";76;0
"CESSNA";"T337";"H";13;0
"CESSNA";"T337";"UNDESIGNATED SERIES";3;0
"CESSNA";"T41";"A";3;0
"CESSNA";"T41";"B";2;0
"CESSNA";"T50";"NO SERIES EXISTS";3;0
"CESSNA";"TO1";"D";1;0
"CESSNA";"TP206";"A";2;0
"CESSNA";"TR182";"NO SERIES EXISTS";209;0
"CESSNA";"TU206";"A";7;0
"CESSNA";"TU206";"B";8;0
"CESSNA";"TU206";"C";6;1
"CESSNA";"TU206";"D";6;0
"CESSNA";"TU206";"F";35;4
"CESSNA";"TU206";"G";91;0
"CESSNA";"TU206";"UNDESIGNATED SERIES";10;1
"CESSNA";"U206";"A";5;0
"CESSNA";"U206";"B";14;1
"CESSNA";"U206";"C";16;7
"CESSNA";"U206";"D";7;0
"CESSNA";"U206";"E";18;1
"CESSNA";"U206";"F";104;2
"CESSNA";"U206";"G";110;1
"CESSNA";"U206";"UNDESIGNATED SERIES";42;3
"CESSNA";"U3";"A";4;0
"CESSNA";"UC78";"B";1;0
"CGS";"HAWK";"UNDESIGNATED SERIES";7;1
"CHAMPION";"7ACA";"NO SERIES EXISTS";10;0
"CHAMPION";"7EC";"NO SERIES EXISTS";6;0
"CHAMPION";"7ECA";"NO SERIES EXISTS";221;0
"CHAMPION";"7FC";"NO SERIES EXISTS";20;0
"CHAMPION";"7GC";"NO SERIES EXISTS";10;0
"CHAMPION";"7GCA";"NO SERIES EXISTS";1;0
"CHAMPION";"7GCAA";"NO SERIES EXISTS";63;0
"CHAMPION";"7GCB";"NO SERIES EXISTS";1;0
"CHAMPION";"7GCBC";"NO SERIES EXISTS";168;0
"CHAMPION";"7HC";"NO SERIES EXISTS";6;0
"CHAMPION";"7JC";"NO SERIES EXISTS";2;0
"CHAMPION";"7KCAB";"NO SERIES EXISTS";94;1
"CHAMPION";"8GCBC";"NO SERIES EXISTS";62;0
"CHAMPION";"8KCAB";"NO SERIES EXISTS";110;0
"CHRIS TENA";"MINI COUPE";"NO SERIES EXISTS";3;0
"CHRISTEN";"A1";"UNDESIGNATED SERIES";44;0
"CHRISTEN";"EAGLE II";"NO SERIES EXISTS";26;0
"CIRRUS";"SR20";"NO SERIES EXISTS";87;0
"CIRRUS";"SR22";"T";6;0
"CIRRUS";"SR22";"UNDESIGNATED SERIES";115;0
"CO Z";"COZY";"IV";11;0
"CO Z";"COZY";"UNDESIGNATED SERIES";23;0
"COLT";"105A";"NO SERIES EXISTS";7;0
"COLT";"160A";"NO SERIES EXISTS";1;0
"COLT";"180A";"NO SERIES EXISTS";1;0
"COLT";"240A";"NO SERIES EXISTS";5;0
"COLT";"69A";"NO SERIES EXISTS";1;0
"COMCO IKARUS";"IKARUS C42";"UNDESIGNATED SERIES";1;0
"COMMANDER";"114";"B";9;0
"CONSOLIDATED VULTEE";"B24";"UNDESIGNATED SERIES";2;0
"CONSOLIDATED VULTEE";"BT13";"A";10;0
"CONSOLIDATED VULTEE";"BT13";"UNDESIGNATED SERIES";6;0
"CONSOLIDATED VULTEE";"L13";"A";1;0
"CONSOLIDATED VULTEE";"L13";"UNDESIGNATED SERIES";1;0
"CONSOLIDATED VULTEE";"PBY5A";"NO SERIES EXISTS";1;0
"CONVAIR";"22";"M";1;0
"CONVAIR";"22";"UNDESIGNATED SERIES";1;0
"CONVAIR";"240";"0";2;0
"CONVAIR";"240";"1";2;0
"CONVAIR";"240";"17";1;0
"CONVAIR";"240";"27";15;0
"CONVAIR";"240";"4";1;0
"CONVAIR";"240";"UNDESIGNATED SERIES";54;0
"CONVAIR";"30";"A";1;0
"CONVAIR";"30";"UNDESIGNATED SERIES";1;0
"CONVAIR";"340";"30";13;0
"CONVAIR";"340";"UNDESIGNATED SERIES";195;0
"CONVAIR";"440";"NO SERIES EXISTS";48;0
"CONVAIR";"580";"NO SERIES EXISTS";1;0
"CONVAIR";"640";"NO SERIES EXISTS";6;0
"CONVAIR";"C131";"E";2;0
"CONVAIR";"T29";"B";7;0
"CORBEN";"BABYACE";"C";2;0
"CORBEN";"BABYACE";"D";10;0
"CORBEN";"BABYACE";"UNDESIGNATED SERIES";8;0
"CORBEN";"JUNIORACE";"E";3;0
"CUB CRAFTERS";"CC18";"180";1;0
"CULVER";"LCA";"NO SERIES EXISTS";7;0
"CULVER";"LFA";"NO SERIES EXISTS";1;0
"CULVER";"V";"UNDESIGNATED SERIES";4;0
"CURTISS WRIGHT";"C46";"D";2;0
"CURTISS WRIGHT";"C46";"F";8;0
"CURTISS WRIGHT";"C46";"R";1;0
"CURTISS WRIGHT";"C46";"UNDESIGNATED SERIES";7;0
"CURTISS WRIGHT";"P40";"E";2;0
"CURTISS WRIGHT";"P40";"N";7;0
"CURTISS WRIGHT";"P40";"UNDESIGNATED SERIES";1;0
"CVJETKOVIC";"CA65";"UNDESIGNATED SERIES";2;0
"CZECH SPORT";"PIPERSPORT";"NO SERIES EXISTS";5;0
"CZECH SPORT";"SPORTCRUISER";"NO SERIES EXISTS";11;0
"DASSAULT";"FALCON10";"NO SERIES EXISTS";138;0
"DASSAULT";"FALCON2000";"EX";2;0
"DASSAULT";"FALCON2000";"UNDESIGNATED SERIES";20;0
"DASSAULT";"FALCON50";"UNDESIGNATED SERIES";43;0
"DASSAULT";"FALCON7X";"NO SERIES EXISTS";1;0
"DASSAULT";"FALCON900";"UNDESIGNATED SERIES";21;1
"DASSAULT";"FALCON900EX";"NO SERIES EXISTS";7;0
"DASSAULT";"FANJET FALCON";"E";4;0
"DASSAULT";"FANJET FALCON";"UNDESIGNATED SERIES";4;0
"DASSAULT";"MYSTERE FALCON20";"C5";20;0
"DASSAULT";"MYSTERE FALCON20";"D5";17;0
"DASSAULT";"MYSTERE FALCON20";"F5";1;0
"DASSAULT";"MYSTERE FALCON20";"UNDESIGNATED SERIES";28;0
"DASSAULT";"MYSTERE FALCON200";"NO SERIES EXISTS";10;0
"DASSAULT";"MYSTERE1";"NO SERIES EXISTS";4;0
"DAVIS";"DA2A";"NO SERIES EXISTS";5;0
"DE HAVILLAND";"DH104";"5A";3;0
"DE HAVILLAND";"DH104";"6A";1;0
"DE HAVILLAND";"DH104";"6BA";3;0
"DE HAVILLAND";"DH104";"7AXC";1;0
"DE HAVILLAND";"DH104";"UNDESIGNATED SERIES";2;0
"DE HAVILLAND";"DH112";"UNDESIGNATED SERIES";2;0
"DE HAVILLAND";"DH114";"2DA";3;0
"DE HAVILLAND";"DH114";"2X";17;0
"DE HAVILLAND";"DH114";"UNDESIGNATED SERIES";7;0
"DE HAVILLAND";"DH125";"1521";5;0
"DE HAVILLAND";"DH82";"A";14;0
"DE HAVILLAND";"DH82";"C";1;0
"DE HAVILLAND";"DH82";"UNDESIGNATED SERIES";2;0
"DE HAVILLAND";"DHC1";"22";2;0
"DE HAVILLAND";"DHC1";"T10";1;0
"DE HAVILLAND";"DHC1";"UNDESIGNATED SERIES";9;0
"DE HAVILLAND";"DHC1A";"UNDESIGNATED SERIES";1;0
"DE HAVILLAND";"DHC1B";"2S3";6;0
"DE HAVILLAND";"DHC2";"I";66;2
"DE HAVILLAND";"DHC2";"II";3;0
"DE HAVILLAND";"DHC2";"III";11;0
"DE HAVILLAND";"DHC2";"UNDESIGNATED SERIES";45;2
"DE HAVILLAND";"DHC3";"UNDESIGNATED SERIES";40;0
"DE HAVILLAND";"DHC4";"A";11;1
"DE HAVILLAND";"DHC6";"1";3;3
"DE HAVILLAND";"DHC6";"100";12;5
"DE HAVILLAND";"DHC6";"200";40;12
"DE HAVILLAND";"DHC6";"300";71;2
"DE HAVILLAND";"DHC6";"UNDESIGNATED SERIES";166;47
"DE HAVILLAND";"DHC7";"1";14;0
"DE HAVILLAND";"DHC7";"100";5;0
"DE HAVILLAND";"DHC7";"102";50;0
"DE HAVILLAND";"DHC7";"103";2;0
"DE HAVILLAND";"DHC7";"UNDESIGNATED SERIES";1;0
"DE HAVILLAND";"DHC8";"101";8;0
"DE HAVILLAND";"DHC8";"102";225;0
"DE HAVILLAND";"DHC8";"103";6;0
"DE HAVILLAND";"DHC8";"106";2;0
"DE HAVILLAND";"DHC8";"201";4;0
"DE HAVILLAND";"DHC8";"202";27;0
"DE HAVILLAND";"DHC8";"301";2;0
"DE HAVILLAND";"DHC8";"311";18;0
"DE HAVILLAND";"DHC8";"401";11;0
"DE HAVILLAND";"DHC8";"402";38;0
"DE HAVILLAND";"DHC8";"UNDESIGNATED SERIES";14;0
"DE HAVILLAND";"L20A";"NO SERIES EXISTS";1;0
"DE HAVILLAND";"U6A";"NO SERIES EXISTS";1;0
"DENNEY";"KITFOX";"I";62;0
"DENNEY";"KITFOX";"II";5;0
"DENNEY";"KITFOX";"III";7;0
"DENNEY";"KITFOX";"IV";22;0
"DENNEY";"KITFOX";"IV1200";4;0
"DENNEY";"KITFOX";"UNDESIGNATED SERIES";10;0
"DIAMOND";"DA20";"A1";25;0
"DIAMOND";"DA20";"C1";81;0
"DIAMOND";"DA40";"F";1;0
"DIAMOND";"DA40";"UNDESIGNATED SERIES";65;0
"DIAMOND";"DA42";"NG";4;0
"DIAMOND";"DA42";"UNDESIGNATED SERIES";11;0
"DIAMOND";"DV20";"NO SERIES EXISTS";2;0
"DIAMOND";"HK36";"R";2;0
"DORNIER";"228";"201";10;1
"DORNIER";"228";"202";17;0
"DORNIER";"228";"212";1;0
"DORNIER";"328";"100";61;0
"DORNIER";"328";"300";23;0
"DORNIER";"DO27";"A1";1;0
"DORNIER";"DO27";"A4";1;0
"DORNIER";"DO27";"B1";1;0
"DORNIER";"DO27";"Q6";1;0
"DORNIER";"DO28A";"1";1;0
"DORNIER";"DO28B";"1";1;0
"DOUGLAS";"A24";"UNDESIGNATED SERIES";1;0
"DOUGLAS";"A26";"B";6;0
"DOUGLAS";"A26";"C";1;0
"DOUGLAS";"A26";"UNDESIGNATED SERIES";1;0
"DOUGLAS";"A4D";"UNDESIGNATED SERIES";3;0
"DOUGLAS";"B26";"UNDESIGNATED SERIES";1;0
"DOUGLAS";"C118";"A";8;0
"DOUGLAS";"C47";"A";4;1
"DOUGLAS";"C47";"B";2;0
"DOUGLAS";"C47";"UNDESIGNATED SERIES";13;3
"DOUGLAS";"C54";"A";1;0
"DOUGLAS";"C54";"B";1;0
"DOUGLAS";"C54";"BDC";3;0
"DOUGLAS";"C54";"D";1;0
"DOUGLAS";"C54";"DC";1;0
"DOUGLAS";"C54";"DDC";2;0
"DOUGLAS";"C54";"EDC";1;0
"DOUGLAS";"C54";"G";1;0
"DOUGLAS";"C54";"GDC";1;0
"DOUGLAS";"C54";"UNDESIGNATED SERIES";2;0
"DOUGLAS";"DC3";"A";29;5
"DOUGLAS";"DC3";"AS1C3G";6;1
"DOUGLAS";"DC3";"AS4C4G";6;0
"DOUGLAS";"DC3";"ASC3G";1;0
"DOUGLAS";"DC3";"C";95;5
"DOUGLAS";"DC3";"CR183090C";1;0
"DOUGLAS";"DC3";"CS1C3G";29;0
"DOUGLAS";"DC3";"CS4C4G";2;0
"DOUGLAS";"DC3";"G102A";4;4
"DOUGLAS";"DC3";"G202A";8;3
"DOUGLAS";"DC3";"SUPER";1;0
"DOUGLAS";"DC3";"UNDESIGNATED SERIES";91;18
"DOUGLAS";"DC4";"NO SERIES EXISTS";8;0
"DOUGLAS";"DC6";"A";20;0
"DOUGLAS";"DC6";"B";18;0
"DOUGLAS";"DC6";"UNDESIGNATED SERIES";12;0
"DOUGLAS";"DC7";"B";2;0
"DOUGLAS";"DC7";"C";2;0
"DOUGLAS";"DC7";"UNDESIGNATED SERIES";2;0
"DOUGLAS";"DC8";"12";1;0
"DOUGLAS";"DC8";"31";5;0
"DOUGLAS";"DC8";"32";1;0
"DOUGLAS";"DC8";"33";16;0
"DOUGLAS";"DC8";"43";1;0
"DOUGLAS";"DC8";"51";9;0
"DOUGLAS";"DC8";"52";3;0
"DOUGLAS";"DC8";"53";1;0
"DOUGLAS";"DC8";"55";6;0
"DOUGLAS";"DC8";"61";70;0
"DOUGLAS";"DC8";"61F";12;0
"DOUGLAS";"DC8";"62";49;1
"DOUGLAS";"DC8";"62F";6;1
"DOUGLAS";"DC8";"63";105;0
"DOUGLAS";"DC8";"63F";1;0
"DOUGLAS";"DC8";"71";78;0
"DOUGLAS";"DC8";"73";6;0
"DOUGLAS";"DC8";"73F";38;0
"DOUGLAS";"DC8";"F54";24;0
"DOUGLAS";"DC8";"F55";5;0
"DOUGLAS";"DC8";"UNDESIGNATED SERIES";97;0
"DOUGLAS";"DC9";"14";133;0
"DOUGLAS";"DC9";"15";136;0
"DOUGLAS";"DC9";"15F";1;0
"DOUGLAS";"DC9";"21";1;0
"DOUGLAS";"DC9";"31";567;4
"DOUGLAS";"DC9";"32";320;0
"DOUGLAS";"DC9";"32F";8;0
"DOUGLAS";"DC9";"33F";14;0
"DOUGLAS";"DC9";"34";7;0
"DOUGLAS";"DC9";"34F";1;0
"DOUGLAS";"DC9";"41";20;0
"DOUGLAS";"DC9";"51";174;0
"DOUGLAS";"DC9";"80";36;0
"DOUGLAS";"DC9";"81";78;0
"DOUGLAS";"DC9";"82";566;0
"DOUGLAS";"DC9";"83";135;0
"DOUGLAS";"DC9";"87";8;0
"DOUGLAS";"DC9";"UNDESIGNATED SERIES";427;1
"DOUGLAS";"R4D";"8";6;0
"DRUINE";"D31";"NO SERIES EXISTS";1;0
"EAA";"BIPLANE";"P1";2;0
"EAA";"BIPLANE";"P2";7;0
"EAA";"BIPLANE";"UNDESIGNATED SERIES";18;0
"EAGLE";"C7";"NO SERIES EXISTS";2;0
"EAGLE";"DW1";"NO SERIES EXISTS";4;0
"ECLIPSE AVIATION";"500";"NO SERIES EXISTS";15;0
"EIPPER";"QUICKSILVER";"GT500";19;0
"EMAIR";"MA1";"B";1;0
"EMAIR";"MA1";"UNDESIGNATED SERIES";4;0
"EMBRAER";"EMB110";"P1";137;0
"EMBRAER";"EMB110";"P2";10;1
"EMBRAER";"EMB110";"UNDESIGNATED SERIES";2;0
"EMBRAER";"EMB120";"ER";55;0
"EMBRAER";"EMB120";"FC";3;0
"EMBRAER";"EMB120";"UNDESIGNATED SERIES";192;1
"EMBRAER";"EMB135";"BJ";1;0
"EMBRAER";"EMB135";"ER";6;0
"EMBRAER";"EMB135";"KL";29;0
"EMBRAER";"EMB135";"LR";28;0
"EMBRAER";"EMB145";"EP";6;0
"EMBRAER";"EMB145";"ER";11;0
"EMBRAER";"EMB145";"LR";168;0
"EMBRAER";"EMB145";"MP";3;0
"EMBRAER";"EMB145";"UNDESIGNATED SERIES";48;0
"EMBRAER";"EMB145";"XR";24;0
"EMBRAER";"EMB500";"NO SERIES EXISTS";11;0
"EMBRAER";"EMB505";"NO SERIES EXISTS";3;0
"EMBRAER";"ERJ170";"100";18;0
"EMBRAER";"ERJ170";"100LR";4;0
"EMBRAER";"ERJ170";"100SE";5;0
"EMBRAER";"ERJ170";"100SU";9;0
"EMBRAER";"ERJ170";"200";20;0
"EMBRAER";"ERJ170";"200LR";6;0
"EMBRAER";"ERJ190";"100";8;0
"EMBRAER";"ERJ190";"100IGW";2;0
"ENSTROM";"280";"C";29;0
"ENSTROM";"280";"F";5;0
"ENSTROM";"280";"FX";8;1
"ENSTROM";"280";"UNDESIGNATED SERIES";5;0
"ENSTROM";"F28";"A";46;0
"ENSTROM";"F28";"C";43;0
"ENSTROM";"F28";"F";10;1
"ENSTROM";"F28";"UNDESIGNATED SERIES";3;0
"ERCOUPE";"415";"C";100;0
"ERCOUPE";"415";"CD";8;0
"ERCOUPE";"415";"D";22;0
"ERCOUPE";"415";"UNDESIGNATED SERIES";5;0
"ERCOUPE";"A2";"A";6;0
"ERCOUPE";"A2";"UNDESIGNATED SERIES";20;0
"ERCOUPE";"E";"NO SERIES EXISTS";5;0
"ERCOUPE";"F1";"UNDESIGNATED SERIES";9;0
"ERCOUPE";"G";"NO SERIES EXISTS";1;0
"EUROCOPTER";"EC120";"B";4;0
"EUROCOPTER";"EC130";"B4";14;0
"EUROCOPTER";"EC135";"P1";1;0
"EUROCOPTER";"EC135";"P2";3;0
"EUROCOPTER";"EC135";"P2PLUS";3;0
"EUROCOPTER";"EC135";"T1";3;0
"EUROCOPTER";"EC135";"T2";2;0
"EUROCOPTER";"EC135";"T2 PLUS";4;0
"EUROCOPTER";"EC135";"UNDESIGNATED SERIES";5;0
"EUROCOPTER";"EC155";"B";1;0
"EUROPA";"EUROPA";"UNDESIGNATED SERIES";1;0
"EUROPA";"EUROPA";"XS";5;0
"EVANS";"VP1";"UNDESIGNATED SERIES";18;0
"EVANS";"VP2";"NO SERIES EXISTS";10;0
"EXTRA";"EA230";"NO SERIES EXISTS";1;0
"EXTRA";"EA300";"L";20;0
"EXTRA";"EA300";"UNDESIGNATED SERIES";12;0
"EXTRA";"EA400";"UNDESIGNATED SERIES";3;0
"FAIRCHILD";"22C7";"F";1;0
"FAIRCHILD";"24C8";"C";1;0
"FAIRCHILD";"24C8";"UNDESIGNATED SERIES";3;0
"FAIRCHILD";"24G";"UNDESIGNATED SERIES";4;0
"FAIRCHILD";"24H";"UNDESIGNATED SERIES";1;0
"FAIRCHILD";"24R";"40";1;0
"FAIRCHILD";"24R";"46";3;0
"FAIRCHILD";"24W";"40";2;0
"FAIRCHILD";"24W";"46";2;0
"FAIRCHILD";"24W";"9";2;0
"FAIRCHILD";"71";"UNDESIGNATED SERIES";1;0
"FAIRCHILD";"C119";"G";1;0
"FAIRCHILD";"C119";"UNDESIGNATED SERIES";1;0
"FAIRCHILD";"C123";"K";1;0
"FAIRCHILD";"C82";"A";1;0
"FAIRCHILD";"C82";"UNDESIGNATED SERIES";2;0
"FAIRCHILD";"KR31";"UNDESIGNATED SERIES";1;0
"FAIRCHILD";"KR34";"B2";1;0
"FAIRCHILD";"M62A";"3";3;0
"FAIRCHILD";"M62A";"UNDESIGNATED SERIES";11;0
"FAIRCHILD";"M62C";"NO SERIES EXISTS";2;0
"FAIRCHILD";"PT19";"A";1;0
"FAIRCHILD";"PT19";"UNDESIGNATED SERIES";4;0
"FAIRCHILD";"PT23";"UNDESIGNATED SERIES";1;0
"FAIRCHILD";"PT26";"UNDESIGNATED SERIES";2;0
"FALCONAR";"F12";"A";1;0
"FANTASY AIR";"ALLEGRO";"2000";1;0
"FANTASY";"AX7";"65";4;0
"FANTASY";"AX7";"UNDESIGNATED SERIES";6;0
"FIRST STRIKE";"SUPER CAT";"NO SERIES EXISTS";1;0
"FISHER";"CELEBRITY";"NO SERIES EXISTS";1;0
"FISHER";"DAKOTA HAWK";"NO SERIES EXISTS";1;0
"FISHER";"FP404";"NO SERIES EXISTS";3;0
"FISHER";"HORIZON";"I";2;0
"FLAGLOR";"SCOOTER";"NO SERIES EXISTS";5;0
"FLEET";"1";"NO SERIES EXISTS";2;0
"FLEET";"10";"NO SERIES EXISTS";1;0
"FLEET";"16B";"NO SERIES EXISTS";5;0
"FLEET";"2";"NO SERIES EXISTS";1;0
"FLIGHT DESIGN";"CTLS";"UNDESIGNATED SERIES";7;0
"FLIGHT DESIGN";"CTSW";"NO SERIES EXISTS";22;0
"FLYLIGHT";"DRAGONFLY";"NO SERIES EXISTS";57;0
"FOCKE WULF";"FWP149";"D";6;0
"FOKKER";"F27";"100";5;0
"FOKKER";"F27";"200";6;0
"FOKKER";"F27";"500";51;0
"FOKKER";"F27";"600";7;0
"FOKKER";"F27";"A";6;0
"FOKKER";"F27";"B";1;0
"FOKKER";"F27";"F";7;0
"FOKKER";"F27";"J";14;0
"FOKKER";"F27";"M";1;0
"FOKKER";"F27";"UNDESIGNATED SERIES";37;0
"FOKKER";"F28";"0100";108;0
"FOKKER";"F28";"1000";24;0
"FOKKER";"F28";"3000";1;0
"FOKKER";"F28";"4000";43;0
"FOKKER";"F28";"UNDESIGNATED SERIES";6;0
"FOKKER";"FH227";"B";23;1
"FOKKER";"FH227";"C";41;0
"FOKKER";"FH227";"UNDESIGNATED SERIES";52;0
"FOLLAND";"GNAT";"UNDESIGNATED SERIES";3;0
"FOUND";"FBA2C";"1";4;0
"FOUND";"FBA2C";"2";2;0
"FOURNIER";"RF4";"D";6;0
"FOURNIER";"RF5";"B";1;0
"FUJI";"LM2";"NO SERIES EXISTS";2;0
"FUNK";"B75L";"NO SERIES EXISTS";1;0
"FUNK";"B85C";"NO SERIES EXISTS";12;0
"GAF";"N22";"B";1;0
"GAF";"N24";"A";6;0
"GALAXY";"GALAXY7";"NO SERIES EXISTS";5;0
"GALAXY";"GALAXY8";"NO SERIES EXISTS";2;0
"GALAXY";"GALAXY8B";"NO SERIES EXISTS";1;0
"GIPPSLAND";"GA8";"UNDESIGNATED SERIES";1;0
"GLASER DIRKS";"DG100";"G";1;0
"GLASER DIRKS";"DG300";"NO SERIES EXISTS";3;0
"GLASER DIRKS";"DG400";"UNDESIGNATED SERIES";5;0
"GLASER DIRKS";"DG500M";"NO SERIES EXISTS";1;0
"GLASER DIRKS";"DG500MB";"NO SERIES EXISTS";1;0
"GLASFLUGEL";"303";"UNDESIGNATED SERIES";2;0
"GLASFLUGEL";"H301";"UNDESIGNATED SERIES";4;0
"GLOBE";"GC1A";"NO SERIES EXISTS";10;0
"GLOBE";"GC1B";"NO SERIES EXISTS";142;0
"GOLDWING";"GOLDWING";"UNDESIGNATED SERIES";4;0
"GREAT LAKES";"2T1A";"1";4;0
"GREAT LAKES";"2T1A";"2";61;0
"GREAT LAKES";"2T1A";"UNDESIGNATED SERIES";11;0
"GROB";"G102";"UNDESIGNATED SERIES";12;0
"GROB";"G103";"TWIN ASTIR";13;2
"GROB";"G103";"TWIN II";15;0
"GROB";"G103A";"TWIN II ACRO";1;0
"GROB";"G103C";"TWIN III";1;0
"GROB";"G109";"B";5;0
"GROB";"G109";"UNDESIGNATED SERIES";7;0
"GROB";"G115";"C";3;0
"GRUMMAN";"AA1";"A";42;0
"GRUMMAN";"AA1";"B";89;0
"GRUMMAN";"AA1";"C";31;0
"GRUMMAN";"AA1";"UNDESIGNATED SERIES";43;0
"GRUMMAN";"AA5";"A";58;0
"GRUMMAN";"AA5";"B";90;0
"GRUMMAN";"AA5";"UNDESIGNATED SERIES";35;0
"GRUMMAN";"F4F";"3";1;0
"GRUMMAN";"F6F";"NO SERIES EXISTS";1;0
"GRUMMAN";"F8F";"1";3;0
"GRUMMAN";"F8F";"2";2;0
"GRUMMAN";"F9F";"5";1;0
"GRUMMAN";"FM2";"NO SERIES EXISTS";7;0
"GRUMMAN";"G111";"NO SERIES EXISTS";3;0
"GRUMMAN";"G1159";"NO SERIES EXISTS";1;1
"GRUMMAN";"G159";"NO SERIES EXISTS";78;0
"GRUMMAN";"G164";"A";114;0
"GRUMMAN";"G164";"B";101;1
"GRUMMAN";"G164";"C";4;0
"GRUMMAN";"G164";"D";1;0
"GRUMMAN";"G164";"UNDESIGNATED SERIES";26;0
"GRUMMAN";"G21";"A";27;0
"GRUMMAN";"G21";"UNDESIGNATED SERIES";3;0
"GRUMMAN";"G44";"A";6;0
"GRUMMAN";"G44";"UNDESIGNATED SERIES";8;0
"GRUMMAN";"G73";"NO SERIES EXISTS";34;0
"GRUMMAN";"GA7";"NO SERIES EXISTS";28;0
"GRUMMAN";"J2F";"6";1;0
"GRUMMAN";"S2F1";"NO SERIES EXISTS";2;0
"GRUMMAN";"TBM3";"E";6;0
"GRUMMAN";"TBM3";"UNDESIGNATED SERIES";1;0
"GULFSTREAM";"AA5";"A";111;0
"GULFSTREAM";"AA5";"B";178;0
"GULFSTREAM";"AA5";"UNDESIGNATED SERIES";78;0
"GULFSTREAM";"G1159";"NO SERIES EXISTS";44;0
"GULFSTREAM";"G1159A";"NO SERIES EXISTS";39;0
"GULFSTREAM";"G1159B";"NO SERIES EXISTS";8;0
"GULFSTREAM";"GIV";"UNDESIGNATED SERIES";62;0
"GULFSTREAM";"GIV";"X";1;0
"GULFSTREAM";"GIV";"X G450";6;0
"GULFSTREAM";"GULFSTREAM200";"NO SERIES EXISTS";5;0
"GULFSTREAM";"GV";"SP";1;0
"GULFSTREAM";"GV";"SP G500";1;0
"GULFSTREAM";"GV";"SP G550";1;0
"GULFSTREAM";"GV";"UNDESIGNATED SERIES";13;0
"HANDLEY PAGE";"HP137";"1";21;0
"HARMON";"ROCKET II";"NO SERIES EXISTS";3;0
"HATZ";"CB1";"NO SERIES EXISTS";3;0
"HAWKER SIDDELEY";"HS125";"1A522";2;0
"HAWKER SIDDELEY";"HS125";"3A";2;0
"HAWKER SIDDELEY";"HS125";"3ARA";7;0
"HAWKER SIDDELEY";"HS125";"400A";21;0
"HAWKER SIDDELEY";"HS125";"600A";19;0
"HAWKER SIDDELEY";"HS125";"600B";1;0
"HAWKER SIDDELEY";"HS125";"700A";43;0
"HAWKER SIDDELEY";"HS125";"700B";1;0
"HAWKER SIDDELEY";"HS125";"F400B";1;0
"HAWKER SIDDELEY";"HS125";"UNDESIGNATED SERIES";4;0
"HAWKER SIDDELEY";"HS748";"2B";3;0
"HAWKER";"400";"A";2;0
"HAWKER";"HAWKER";"800";1;0
"HAWKER";"HAWKER";"850XP";1;0
"HAWKER";"HAWKER4000";"NO SERIES EXISTS";1;0
"HAWKER";"HUNTER";"58";2;0
"HAWKER";"HUNTER";"58A";1;0
"HAWKER";"HUNTER";"66A";1;0
"HAWKER";"HUNTER";"UNDESIGNATED SERIES";2;0
"HEAD";"AX8 88";"NO SERIES EXISTS";7;0
"HEINTZ";"ZENITH";"NO SERIES EXISTS";6;0
"HELIO";"500";"NO SERIES EXISTS";1;0
"HELIO";"H250";"NO SERIES EXISTS";5;0
"HELIO";"H295";"NO SERIES EXISTS";33;0
"HELIO";"H391";"B";2;0
"HELIO";"H395";"A";1;0
"HELIO";"H395";"UNDESIGNATED SERIES";5;0
"HELIO";"H700";"NO SERIES EXISTS";2;0
"HELIO";"HST550";"A";1;1
"HELIO";"HST550";"UNDESIGNATED SERIES";2;1
"HILLER";"FH1100";"NO SERIES EXISTS";13;0
"HILLER";"H23A";"NO SERIES EXISTS";1;0
"HILLER";"H23B";"NO SERIES EXISTS";1;0
"HILLER";"OH23G";"NO SERIES EXISTS";4;0
"HILLER";"UH12";"NO SERIES EXISTS";3;0
"HILLER";"UH12A";"NO SERIES EXISTS";3;0
"HILLER";"UH12B";"NO SERIES EXISTS";7;0
"HILLER";"UH12C";"NO SERIES EXISTS";10;0
"HILLER";"UH12D";"NO SERIES EXISTS";13;0
"HILLER";"UH12E";"UNDESIGNATED SERIES";60;0
"HILLER";"UH12L";"4";2;0
"HILLER";"UH12L";"UNDESIGNATED SERIES";1;0
"HILLER";"UH23D";"NO SERIES EXISTS";1;0
"HISPANO AVIACION";"HA200";"UNDESIGNATED SERIES";7;0
"HORNET MICROLIGHTS";"HORNET";"RZA";4;0
"HOWARD";"500";"NO SERIES EXISTS";2;0
"HOWARD";"DGA15P";"NO SERIES EXISTS";17;0
"HUGHES";"269A";"1";1;0
"HUGHES";"269A";"UNDESIGNATED SERIES";23;0
"HUGHES";"269B";"NO SERIES EXISTS";24;0
"HUGHES";"269C";"1";15;0
"HUGHES";"269C";"UNDESIGNATED SERIES";120;0
"HUGHES";"369";"D";67;1
"HUGHES";"369";"E";29;0
"HUGHES";"369";"HE";2;0
"HUGHES";"369";"HS";23;0
"HUGHES";"369";"UNDESIGNATED SERIES";6;0
"HUGHES";"OH6A";"NO SERIES EXISTS";6;0
"HUGHES";"TH55A";"NO SERIES EXISTS";3;0
"HUMMEL";"HUMMELBIRD";"NO SERIES EXISTS";8;0
"IAI";"1121";"B";8;0
"IAI";"1121";"UNDESIGNATED SERIES";32;0
"IAI";"1123";"NO SERIES EXISTS";11;0
"IAI";"1124";"A";21;0
"IAI";"1124";"UNDESIGNATED SERIES";81;0
"IAI";"1125";"NO SERIES EXISTS";19;0
"IAI";"ARAVA101";"UNDESIGNATED SERIES";1;0
"IAI";"ASTRA SPX";"NO SERIES EXISTS";2;0
"IAI";"GALAXY";"NO SERIES EXISTS";11;0
"IAI";"GULFSTREAM200";"NO SERIES EXISTS";10;0
"IAR BRASOV";"IAR83";"NO SERIES EXISTS";5;0
"IAR BRASOV";"IS28";"B2";6;0
"IAR BRASOV";"IS28M2";"UNDESIGNATED SERIES";2;0
"IAR BRASOV";"IS29";"D2";1;0
"ILYUSHIN";"IL76";"UNDESIGNATED SERIES";2;0
"INTERSTATE";"S1A";"65F";1;0
"INTERSTATE";"S1A";"UNDESIGNATED SERIES";1;0
"INTERSTATE";"S1B";"1";5;0
"ISAACS";"SPITFIRE";"NO SERIES EXISTS";10;0
"JABIRU";"J170";"NO SERIES EXISTS";1;0
"JABIRU";"J230";"UNDESIGNATED SERIES";1;0
"JABIRU";"JABIRU";"SP";7;0
"JAVELIN";"WICHAWK";"NO SERIES EXISTS";5;0
"JEFFAIR";"BARRACUDA";"NO SERIES EXISTS";1;0
"JODEL";"D11";"NO SERIES EXISTS";3;0
"JUNKERS";"JU52";"UNDESIGNATED SERIES";3;0
"K AND S";"SA102";"5";2;0
"K AND S";"SA102";"UNDESIGNATED SERIES";4;0
"KAMAN";"HH43";"F";1;0
"KAMAN";"K1200";"NO SERIES EXISTS";6;0
"KAMINSKAS";"JUNGSTER";"I";2;0
"KAWASAKI";"C1";"UNDESIGNATED SERIES";1;0
"KAWASAKI";"KV107";"II";1;0
"KINNER";"SPORTSTER";"K";1;0
"KOLB";"FIRESTAR";"II";1;0
"KOLB";"FIRESTAR";"UNDESIGNATED SERIES";4;0
"KOLB";"TWINSTAR";"III";6;0
"KOLB";"TWINSTAR";"UNDESIGNATED SERIES";3;0
"LAKE";"250";"NO SERIES EXISTS";7;0
"LAKE";"LA4";"200";172;1
"LAKE";"LA4";"UNDESIGNATED SERIES";56;0
"LANCAIR";"200";"NO SERIES EXISTS";5;0
"LANCAIR";"235";"NO SERIES EXISTS";41;0
"LANCAIR";"320";"NO SERIES EXISTS";56;0
"LANCAIR";"360";"NO SERIES EXISTS";29;0
"LANCAIR";"ES";"NO SERIES EXISTS";4;0
"LANCAIR";"IV";"P";31;0
"LANCAIR";"IV";"UNDESIGNATED SERIES";22;0
"LANCAIR";"LC40";"550FG";5;0
"LANCAIR";"LC41";"550FG";23;0
"LANCAIR";"LC42";"550FG";7;0
"LANCAIR";"LEGACY2000";"NO SERIES EXISTS";8;0
"LEARJET";"23";"NO SERIES EXISTS";37;0
"LEARJET";"24";"A";10;0
"LEARJET";"24";"B";14;0
"LEARJET";"24";"BA";2;0
"LEARJET";"24";"D";36;0
"LEARJET";"24";"E";4;0
"LEARJET";"24";"F";8;0
"LEARJET";"24";"UNDESIGNATED SERIES";44;0
"LEARJET";"25";"A";1;0
"LEARJET";"25";"B";60;0
"LEARJET";"25";"C";8;0
"LEARJET";"25";"D";65;0
"LEARJET";"25";"F";1;0
"LEARJET";"25";"UNDESIGNATED SERIES";53;0
"LEARJET";"28";"NO SERIES EXISTS";1;0
"LEARJET";"31";"A";22;0
"LEARJET";"31";"UNDESIGNATED SERIES";12;0
"LEARJET";"35";"A";172;0
"LEARJET";"35";"UNDESIGNATED SERIES";44;0
"LEARJET";"36";"A";22;0
"LEARJET";"36";"UNDESIGNATED SERIES";8;0
"LEARJET";"45";"NO SERIES EXISTS";40;0
"LEARJET";"55";"B";1;0
"LEARJET";"55";"C";4;0
"LEARJET";"55";"UNDESIGNATED SERIES";53;0
"LEARJET";"60";"NO SERIES EXISTS";38;0
"LET";"L13";"UNDESIGNATED SERIES";36;0
"LET";"L23";"NO SERIES EXISTS";11;0
"LET";"L33";"NO SERIES EXISTS";1;0
"LIBERTY";"XL2";"NO SERIES EXISTS";18;0
"LINDSTRAND";"105A";"NO SERIES EXISTS";2;0
"LINDSTRAND";"LBL105A";"NO SERIES EXISTS";2;0
"LINDSTRAND";"LBL120A";"NO SERIES EXISTS";4;0
"LINDSTRAND";"LBL210S";"NO SERIES EXISTS";2;0
"LINDSTRAND";"LBL240A";"NO SERIES EXISTS";1;0
"LINDSTRAND";"LBL90A";"NO SERIES EXISTS";3;0
"LOCKHEED";"1049";"F55";1;0
"LOCKHEED";"1049";"H82";1;0
"LOCKHEED";"12";"A";4;0
"LOCKHEED";"1329";"25";9;0
"LOCKHEED";"1329";"UNDESIGNATED SERIES";36;0
"LOCKHEED";"1649";"A98";2;0
"LOCKHEED";"18";"50";1;0
"LOCKHEED";"18";"UNDESIGNATED SERIES";11;1
"LOCKHEED";"188";"A";29;0
"LOCKHEED";"188";"C";41;0
"LOCKHEED";"188";"UNDESIGNATED SERIES";17;0
"LOCKHEED";"382";"B";9;0
"LOCKHEED";"382";"E";6;0
"LOCKHEED";"382";"F";1;0
"LOCKHEED";"382";"G";16;1
"LOCKHEED";"382";"UNDESIGNATED SERIES";2;0
"LOCKHEED";"749";"A79";1;0
"LOCKHEED";"C130";"B";4;0
"LOCKHEED";"L1011 385";"1";236;0
"LOCKHEED";"L1011 385";"114";8;0
"LOCKHEED";"L1011 385";"115";29;0
"LOCKHEED";"L1011 385";"3";28;0
"LOCKHEED";"L1011 385";"UNDESIGNATED SERIES";202;1
"LOCKHEED";"P2V";"5F";5;0
"LOCKHEED";"P2V";"7";5;0
"LOCKHEED";"P3";"A";2;0
"LOCKHEED";"P38";"L";3;0
"LOCKHEED";"P38";"UNDESIGNATED SERIES";1;0
"LOCKHEED";"PV1";"NO SERIES EXISTS";2;0
"LOCKHEED";"PV2";"NO SERIES EXISTS";2;0
"LOCKHEED";"SP2";"H";7;3
"LOCKHEED";"T33";"NO SERIES EXISTS";11;0
"LOCKHEED";"UNKNOWN";"UNKNOWN";1;0
"LOCKWOOD";"AIR CAM";"NO SERIES EXISTS";6;0
"LONG";"MIDGET MUSTANG";"NO SERIES EXISTS";23;0
"LUSCOMBE";"11A";"NO SERIES EXISTS";3;0
"LUSCOMBE";"8";"A";131;0
"LUSCOMBE";"8";"B";4;0
"LUSCOMBE";"8";"C";4;0
"LUSCOMBE";"8";"E";74;0
"LUSCOMBE";"8";"F";24;0
"LUSCOMBE";"8";"UNDESIGNATED SERIES";7;0
"LUSCOMBE";"PHANTOM1";"NO SERIES EXISTS";2;0
"MARQUART";"MA5";"NO SERIES EXISTS";4;0
"MARTIN";"404";"NO SERIES EXISTS";4;0
"MAULE";"M4";"180C";1;0
"MAULE";"M4";"180V";2;0
"MAULE";"M4";"210";6;0
"MAULE";"M4";"210C";15;0
"MAULE";"M4";"220";6;0
"MAULE";"M4";"220C";36;0
"MAULE";"M4";"C";4;0
"MAULE";"M4";"UNDESIGNATED SERIES";31;0
"MAULE";"M5";"180C";31;0
"MAULE";"M5";"200";1;0
"MAULE";"M5";"210C";57;0
"MAULE";"M5";"210TC";1;0
"MAULE";"M5";"220C";20;0
"MAULE";"M5";"235C";89;0
"MAULE";"M5";"UNDESIGNATED SERIES";1;0
"MAULE";"M6";"180";3;0
"MAULE";"M6";"235";26;0
"MAULE";"M7";"235";26;0
"MAULE";"M7";"235A";2;0
"MAULE";"M7";"235B";7;0
"MAULE";"M7";"235C";15;0
"MAULE";"M7";"260C";7;0
"MAULE";"M8";"235";1;0
"MAULE";"MT7";"235";2;0
"MAULE";"MT7";"260";3;0
"MAULE";"MX7";"160";6;0
"MAULE";"MX7";"180";19;0
"MAULE";"MX7";"180A";7;0
"MAULE";"MX7";"180C";2;0
"MAULE";"MX7";"235";20;0
"MAULE";"MXT7";"160";3;0
"MAULE";"MXT7";"180";8;0
"MAULE";"MXT7";"180A";7;0
"MAX HOLSTE";"MH1521";"M";2;0
"MAXAIR";"DRIFTER";"NO SERIES EXISTS";8;0
"MBB";"BK117";"A1";7;0
"MBB";"BK117";"A3";18;0
"MBB";"BK117";"A4";10;0
"MBB";"BK117";"B1";17;0
"MBB";"BK117";"B2";12;0
"MBB";"BK117";"C1";7;0
"MBB";"BK117";"C2";1;0
"MBB";"BK117";"UNDESIGNATED SERIES";2;0
"MBB";"BO105";"C";21;0
"MBB";"BO105";"CB";1;0
"MBB";"BO105";"CBS";10;0
"MBB";"BO105";"LSA3";2;0
"MCCULLOCH";"J2";"NO SERIES EXISTS";1;0
"MCDONNELL DOUGLAS";"369";"E";3;0
"MCDONNELL DOUGLAS";"369";"FF";4;0
"MCDONNELL DOUGLAS";"600";"N";3;0
"MCDONNELL DOUGLAS";"DC10";"10";384;4
"MCDONNELL DOUGLAS";"DC10";"10F";20;0
"MCDONNELL DOUGLAS";"DC10";"15";3;0
"MCDONNELL DOUGLAS";"DC10";"30";80;1
"MCDONNELL DOUGLAS";"DC10";"30CF";36;0
"MCDONNELL DOUGLAS";"DC10";"30F";1;0
"MCDONNELL DOUGLAS";"DC10";"40";58;1
"MCDONNELL DOUGLAS";"DC10";"40F";1;0
"MCDONNELL DOUGLAS";"DC10";"UNDESIGNATED SERIES";82;0
"MCDONNELL DOUGLAS";"MD10";"10F";4;0
"MCDONNELL DOUGLAS";"MD11";"F";31;0
"MCDONNELL DOUGLAS";"MD11";"UNDESIGNATED SERIES";33;0
"MCDONNELL DOUGLAS";"MD88";"88";183;0
"MCDONNELL DOUGLAS";"MD90";"30";33;0
"MCDONNELL DOUGLAS";"MD900";"NO SERIES EXISTS";11;0
"MD HELICOPTER";"369";"E";1;0
"MD HELICOPTER";"369";"FF";1;0
"MD HELICOPTER";"500";"N";4;0
"MESSERSCHMITT";"HFB320";"NO SERIES EXISTS";7;0
"MEYERS";"200";"A";1;0
"MEYERS";"200";"C";1;0
"MEYERS";"MAC145";"NO SERIES EXISTS";4;0
"MEYERS";"OTW";"145";3;0
"MEYERS";"OTW";"160";1;0
"MEYERS";"OTW";"UNDESIGNATED SERIES";2;0
"MICCO";"MAC145";"A";2;0
"MICCO";"MAC145";"B";3;0
"MILITARY FIGHTER";"UNKNOWN";"UNKNOWN";2;0
"MITSUBISHI";"MU2";"NO SERIES EXISTS";18;0
"MITSUBISHI";"MU2B";"10";7;0
"MITSUBISHI";"MU2B";"20";42;0
"MITSUBISHI";"MU2B";"25";31;0
"MITSUBISHI";"MU2B";"26";14;0
"MITSUBISHI";"MU2B";"26A";14;0
"MITSUBISHI";"MU2B";"30";12;0
"MITSUBISHI";"MU2B";"35";38;0
"MITSUBISHI";"MU2B";"40";20;0
"MITSUBISHI";"MU2B";"60";46;0
"MITSUBISHI";"MU2B";"UNDESIGNATED SERIES";35;0
"MITSUBISHI";"MU300";"10";1;0
"MITSUBISHI";"MU300";"UNDESIGNATED SERIES";36;0
"MONG";"SPORT";"NO SERIES EXISTS";5;0
"MONNETT";"MONERAI";"UNDESIGNATED SERIES";3;0
"MONNETT";"MONI";"NO SERIES EXISTS";22;0
"MONNETT";"SONERAI";"2";33;0
"MONNETT";"SONERAI";"2L";2;0
"MONNETT";"SONERAI";"2LT";1;0
"MONNETT";"SONERAI";"UNDESIGNATED SERIES";21;0
"MONNETT";"SONEX";"NO SERIES EXISTS";30;0
"MONOCOUPE";"90A";"NO SERIES EXISTS";7;0
"MOONEY";"M10";"NO SERIES EXISTS";4;0
"MOONEY";"M18";"C";14;0
"MOONEY";"M18";"L";7;0
"MOONEY";"M18";"LA";6;0
"MOONEY";"M20";"NO SERIES EXISTS";57;0
"MOONEY";"M20A";"NO SERIES EXISTS";69;0
"MOONEY";"M20B";"NO SERIES EXISTS";59;0
"MOONEY";"M20C";"NO SERIES EXISTS";652;0
"MOONEY";"M20D";"NO SERIES EXISTS";46;0
"MOONEY";"M20E";"NO SERIES EXISTS";483;0
"MOONEY";"M20F";"NO SERIES EXISTS";416;0
"MOONEY";"M20G";"NO SERIES EXISTS";58;0
"MOONEY";"M20J";"NO SERIES EXISTS";663;0
"MOONEY";"M20K";"NO SERIES EXISTS";451;0
"MOONEY";"M20L";"NO SERIES EXISTS";11;0
"MOONEY";"M20M";"NO SERIES EXISTS";89;0
"MOONEY";"M20R";"NO SERIES EXISTS";61;0
"MOONEY";"M20S";"NO SERIES EXISTS";14;0
"MOONEY";"M20TN";"NO SERIES EXISTS";13;0
"MOONEY";"M22";"NO SERIES EXISTS";6;0
"MORANE SAULNIER";"MS760";"UNDESIGNATED SERIES";11;0
"MORANE SAULNIER";"MS893";"E";1;0
"MORANE SAULNIER";"MS894";"A";8;0
"MOSLER";"N3";"2";2;0
"MUDRY";"CAP10";"B";3;0
"MURPHY";"REBEL";"NO SERIES EXISTS";7;0
"MURPHY";"RENEGADE";"SPIRIT";1;0
"MURPHY";"RENEGADE";"UNDESIGNATED SERIES";1;0
"NAMC";"YS11";"A";17;0
"NAMC";"YS11";"UNDESIGNATED SERIES";45;0
"NANCHANG";"CJ6";"A";23;0
"NANCHANG";"CJ6";"UNDESIGNATED SERIES";7;0
"NATIONAL BALLOONING";"75 212";"NO SERIES EXISTS";2;0
"NATIONAL BALLOONING";"858";"NO SERIES EXISTS";2;0
"NAVAL AIRCRAFT";"N3N";"3";19;0
"NAVION";"NAVION";"A";98;0
"NAVION";"NAVION";"B";32;0
"NAVION";"NAVION";"D";1;0
"NAVION";"NAVION";"G";22;0
"NAVION";"NAVION";"H";13;0
"NAVION";"NAVION";"UNDESIGNATED SERIES";90;0
"NEW GLASAIR";"GLASAIR III";"NO SERIES EXISTS";3;0
"NEW GLASAIR";"GLASTAR";"NO SERIES EXISTS";13;1
"NON STANDARD";"UNKNOWN";"UNKNOWN";510;3
"NORD";"1101";"NO SERIES EXISTS";2;0
"NORD";"262";"A";69;0
"NORD";"262";"A12";9;0
"NORD";"262";"UNDESIGNATED SERIES";11;0
"NORTH AMERICAN";"A36";"A";18;0
"NORTH AMERICAN";"AT6";"A";6;0
"NORTH AMERICAN";"AT6";"B";1;0
"NORTH AMERICAN";"AT6";"C";4;0
"NORTH AMERICAN";"AT6";"D";27;0
"NORTH AMERICAN";"AT6";"F";4;0
"NORTH AMERICAN";"AT6";"G";7;0
"NORTH AMERICAN";"AT6";"UNDESIGNATED SERIES";16;0
"NORTH AMERICAN";"B25";"J";4;0
"NORTH AMERICAN";"B25";"UNDESIGNATED SERIES";2;0
"NORTH AMERICAN";"F86";"F";2;0
"NORTH AMERICAN";"HARVARD";"IIA";4;0
"NORTH AMERICAN";"HARVARD";"IV";17;0
"NORTH AMERICAN";"L17";"A";3;0
"NORTH AMERICAN";"NA265";"UNDESIGNATED SERIES";20;0
"NORTH AMERICAN";"OV10";"B";1;0
"NORTH AMERICAN";"P51";"D";50;0
"NORTH AMERICAN";"P51";"UNDESIGNATED SERIES";4;0
"NORTH AMERICAN";"SNJ";"2";6;0
"NORTH AMERICAN";"SNJ";"4";19;0
"NORTH AMERICAN";"SNJ";"5";38;0
"NORTH AMERICAN";"SNJ";"6";12;0
"NORTH AMERICAN";"T28";"A";8;0
"NORTH AMERICAN";"T28";"B";21;0
"NORTH AMERICAN";"T28";"C";7;0
"NORTH AMERICAN";"T28";"D";3;0
"NORTH AMERICAN";"T28";"UNDESIGNATED SERIES";9;0
"NORTH AMERICAN";"T6";"G";33;0
"NORTH AMERICAN";"TB25";"N";3;0
"NORTHROP";"T38";"A";1;0
"NORTHROP";"T38";"UNDESIGNATED SERIES";1;0
"OLDFIELD";"BABYLAKES";"NO SERIES EXISTS";23;0
"PAC";"750XL";"NO SERIES EXISTS";21;4
"PARKER";"TEENIE TOO";"NO SERIES EXISTS";19;0
"PARTENAVIA";"P68";"B";2;0
"PARTENAVIA";"P68";"C";1;0
"PEREIRA";"OSPREY";"II";18;0
"PEREYRA";"AVENTURA";"II";9;1
"PIAGGIO";"P136";"L1";2;0
"PIAGGIO";"P180";"AVANTI";26;0
"PICCARD";"AX6";"NO SERIES EXISTS";17;0
"PIETENPOL";"AIRCAMPER";"NO SERIES EXISTS";52;0
"PIETENPOL";"SKYSCOUT";"NO SERIES EXISTS";2;0
"PIK";"PIK20B";"NO SERIES EXISTS";2;0
"PIK";"PIK20D";"NO SERIES EXISTS";3;0
"PIK";"PIK20E";"UNDESIGNATED SERIES";2;0
"PILATUS";"B4";"PC11";1;0
"PILATUS";"P3";"NO SERIES EXISTS";4;0
"PILATUS";"PC12";"45";36;0
"PILATUS";"PC12";"47";5;0
"PILATUS";"PC12";"47E";3;0
"PILATUS";"PC12";"UNDESIGNATED SERIES";6;1
"PILATUS";"PC21";"NO SERIES EXISTS";1;0
"PILATUS";"PC6";"B1H2";2;0
"PILATUS";"PC6";"B2H4";3;1
"PILATUS";"PC7";"NO SERIES EXISTS";1;0
"PIPER";"HE1";"NO SERIES EXISTS";1;0
"PIPER";"J2";"NO SERIES EXISTS";3;0
"PIPER";"J3";"NO SERIES EXISTS";45;0
"PIPER";"J3C";"40";1;0
"PIPER";"J3C";"65";260;1
"PIPER";"J3C";"65S";1;0
"PIPER";"J3C";"UNDESIGNATED SERIES";11;0
"PIPER";"J3F";"60";2;0
"PIPER";"J3F";"65";13;0
"PIPER";"J3L";"65";15;0
"PIPER";"J4";"A";18;0
"PIPER";"J4";"AS";2;0
"PIPER";"J4";"UNDESIGNATED SERIES";4;0
"PIPER";"J4E";"NO SERIES EXISTS";5;0
"PIPER";"J5A";"UNDESIGNATED SERIES";40;0
"PIPER";"J5B";"NO SERIES EXISTS";1;0
"PIPER";"J5C";"NO SERIES EXISTS";2;0
"PIPER";"L18";"C";1;0
"PIPER";"L21";"A";1;0
"PIPER";"L21";"B";7;0
"PIPER";"L4";"UNDESIGNATED SERIES";2;0
"PIPER";"PA11";"NO SERIES EXISTS";55;0
"PIPER";"PA11S";"NO SERIES EXISTS";1;0
"PIPER";"PA12";"NO SERIES EXISTS";195;0
"PIPER";"PA14";"NO SERIES EXISTS";18;0
"PIPER";"PA15";"NO SERIES EXISTS";10;0
"PIPER";"PA16";"NO SERIES EXISTS";34;0
"PIPER";"PA16S";"NO SERIES EXISTS";1;0
"PIPER";"PA17";"NO SERIES EXISTS";15;0
"PIPER";"PA18";"105 SPECIAL";2;0
"PIPER";"PA18";"105SPECIAL";17;0
"PIPER";"PA18";"125";23;0
"PIPER";"PA18";"135";49;0
"PIPER";"PA18";"150";383;1
"PIPER";"PA18";"A";29;0
"PIPER";"PA18";"A135";5;0
"PIPER";"PA18";"A150";55;0
"PIPER";"PA18";"AS125";3;0
"PIPER";"PA18";"UNDESIGNATED SERIES";163;0
"PIPER";"PA18S";"135";4;0
"PIPER";"PA18S";"150";1;0
"PIPER";"PA18S";"UNDESIGNATED SERIES";5;0
"PIPER";"PA19";"NO SERIES EXISTS";1;0
"PIPER";"PA20";"135";16;0
"PIPER";"PA20";"UNDESIGNATED SERIES";90;0
"PIPER";"PA20S";"UNDESIGNATED SERIES";1;0
"PIPER";"PA22";"108";76;0
"PIPER";"PA22";"135";54;0
"PIPER";"PA22";"150";179;1
"PIPER";"PA22";"160";70;0
"PIPER";"PA22";"UNDESIGNATED SERIES";62;0
"PIPER";"PA22S";"150";3;0
"PIPER";"PA23";"160";137;0
"PIPER";"PA23";"235";13;0
"PIPER";"PA23";"250";857;0
"PIPER";"PA23";"UNDESIGNATED SERIES";168;0
"PIPER";"PA24";"250";745;0
"PIPER";"PA24";"260";282;0
"PIPER";"PA24";"400";27;0
"PIPER";"PA24";"UNDESIGNATED SERIES";321;0
"PIPER";"PA25";"235";166;0
"PIPER";"PA25";"260";31;0
"PIPER";"PA25";"UNDESIGNATED SERIES";30;0
"PIPER";"PA28";"140";1130;0
"PIPER";"PA28";"150";36;0
"PIPER";"PA28";"151";301;0
"PIPER";"PA28";"160";64;0
"PIPER";"PA28";"161";851;0
"PIPER";"PA28";"180";786;0
"PIPER";"PA28";"181";672;0
"PIPER";"PA28";"201T";37;0
"PIPER";"PA28";"235";164;0
"PIPER";"PA28";"236";81;0
"PIPER";"PA28";"UNDESIGNATED SERIES";160;0
"PIPER";"PA28R";"180";245;1
"PIPER";"PA28R";"200";899;0
"PIPER";"PA28R";"201";249;0
"PIPER";"PA28R";"201T";208;0
"PIPER";"PA28RT";"201";162;0
"PIPER";"PA28RT";"201T";139;0
"PIPER";"PA28S";"UNDESIGNATED SERIES";1;0
"PIPER";"PA30";"NO SERIES EXISTS";447;0
"PIPER";"PA31";"300";13;0
"PIPER";"PA31";"325";85;0
"PIPER";"PA31";"350";741;1
"PIPER";"PA31";"UNDESIGNATED SERIES";262;3
"PIPER";"PA31P";"350";7;0
"PIPER";"PA31P";"UNDESIGNATED SERIES";61;0
"PIPER";"PA31T";"1";56;1
"PIPER";"PA31T";"2";22;0
"PIPER";"PA31T";"3";11;0
"PIPER";"PA31T";"UNDESIGNATED SERIES";151;0
"PIPER";"PA32";"260";192;0
"PIPER";"PA32";"300";315;2
"PIPER";"PA32";"301";72;0
"PIPER";"PA32";"301FT";2;0
"PIPER";"PA32";"301T";25;0
"PIPER";"PA32";"301XTC";1;0
"PIPER";"PA32";"UNDESIGNATED SERIES";53;0
"PIPER";"PA32R";"300";361;0
"PIPER";"PA32R";"301";113;0
"PIPER";"PA32R";"301T";115;0
"PIPER";"PA32RT";"300";124;0
"PIPER";"PA32RT";"300T";166;0
"PIPER";"PA32RT";"UNDESIGNATED SERIES";1;0
"PIPER";"PA32S";"300";3;0
"PIPER";"PA34";"200";599;0
"PIPER";"PA34";"200T";696;0
"PIPER";"PA34";"220T";158;0
"PIPER";"PA34";"UNDESIGNATED SERIES";7;0
"PIPER";"PA36";"285";33;0
"PIPER";"PA36";"300";15;0
"PIPER";"PA36";"375";14;0
"PIPER";"PA38";"112";483;0
"PIPER";"PA39";"NO SERIES EXISTS";25;0
"PIPER";"PA42";"1000";7;0
"PIPER";"PA42";"720";4;0
"PIPER";"PA42";"720R";1;0
"PIPER";"PA42";"UNDESIGNATED SERIES";30;0
"PIPER";"PA44";"180";365;0
"PIPER";"PA44";"180T";26;1
"PIPER";"PA46";"310P";174;0
"PIPER";"PA46";"350P";81;1
"PIPER";"PA46";"500TP";24;0
"PIPER";"PA46";"UNDESIGNATED SERIES";1;0
"PIPER";"PA46R";"350T";3;0
"PIPER";"PA60";"600";160;0
"PIPER";"PA60";"601";56;0
"PIPER";"PA60";"601P";160;0
"PIPER";"PA60";"602P";43;0
"PIPER";"PA60";"700P";7;0
"PIPER";"PA60";"UNDESIGNATED SERIES";4;0
"PIPER";"PAE23";"250";2;0
"PITTS";"S1";"C";31;0
"PITTS";"S1";"D";2;0
"PITTS";"S1";"E";2;0
"PITTS";"S1";"S";36;0
"PITTS";"S1";"T";5;0
"PITTS";"S1";"UNDESIGNATED SERIES";86;0
"PITTS";"S2";"A";30;0
"PITTS";"S2";"B";39;1
"PITTS";"S2";"C";5;0
"PITTS";"S2";"E";1;0
"PITTS";"S2";"S";9;0
"PITTS";"S2";"UNDESIGNATED SERIES";5;0
"POBEREZNY";"ACROSPORT";"1";4;0
"POBEREZNY";"ACROSPORT";"2";6;0
"POBEREZNY";"ACROSPORT";"UNDESIGNATED SERIES";17;0
"PORTERFIELD";"LP65";"NO SERIES EXISTS";3;0
"POWELL";"P70ACEY DEUCEY";"NO SERIES EXISTS";3;0
"PROGRESSIVE AERODYNE";"SEAREY";"NO SERIES EXISTS";65;0
"PROGRESSIVE AERODYNE";"STINGRAY";"NO SERIES EXISTS";2;0
"PROTECH";"PT2";"UNDESIGNATED SERIES";4;0
"PULSAR";"PULSAR";"3";2;0
"PULSAR";"PULSAR";"UNDESIGNATED SERIES";11;0
"PULSAR";"PULSAR";"XP";2;0
"PZL BIELSKO";"SWIFT S1";"NO SERIES EXISTS";1;0
"PZL BIELSKO";"SZD50";"3";1;0
"PZL KROSNO";"KR03A";"NO SERIES EXISTS";2;0
"PZL MIELEC";"M18";"A";6;0
"PZL MIELEC";"M18";"B";4;0
"PZL MIELEC";"M18";"UNDESIGNATED SERIES";19;0
"PZL OKECIE";"KOLIBER";"150A";2;0
"PZL OKECIE";"PZL104";"35A";1;0
"PZL OKECIE";"PZL104";"UNDESIGNATED SERIES";8;0
"QAC";"QUICKIE";"Q2";10;0
"QAC";"QUICKIE";"Q200";3;0
"QAC";"QUICKIE";"UNDESIGNATED SERIES";74;0
"QUAD CITY";"CHALLENGER";"II";53;3
"QUAD CITY";"CHALLENGER";"II SPECIAL";1;0
"QUAD CITY";"CHALLENGER";"UL";19;0
"QUAD CITY";"CHALLENGER";"UNDESIGNATED SERIES";1;0
"QUEST";"KODIAK100";"NO SERIES EXISTS";1;0
"QUICKSILVER";"GT500";"NO SERIES EXISTS";4;1
"RAND ROBINSON";"KR1";"NO SERIES EXISTS";15;0
"RAND ROBINSON";"KR2";"UNDESIGNATED SERIES";151;0
"RANS";"S10";"NO SERIES EXISTS";9;0
"RANS";"S12";"UNDESIGNATED SERIES";13;1
"RANS";"S12";"XL";3;0
"RANS";"S14";"NO SERIES EXISTS";3;0
"RANS";"S16";"NO SERIES EXISTS";2;0
"RANS";"S18";"NO SERIES EXISTS";1;0
"RANS";"S4";"NO SERIES EXISTS";1;0
"RANS";"S6";"UNDESIGNATED SERIES";6;0
"RANS";"S7";"UNDESIGNATED SERIES";19;0
"RANS";"S9";"NO SERIES EXISTS";10;0
"RAVEN";"RX6";"NO SERIES EXISTS";11;0
"RAVEN";"RX7";"NO SERIES EXISTS";46;0
"RAVEN";"S40A";"NO SERIES EXISTS";2;0
"RAVEN";"S50A";"NO SERIES EXISTS";2;0
"RAVEN";"S55A";"NO SERIES EXISTS";41;0
"RAVEN";"S60A";"NO SERIES EXISTS";27;0
"RAVEN";"S66A";"NO SERIES EXISTS";10;0
"RAVEN";"S77A";"NO SERIES EXISTS";4;0
"RAYTHEON";"390";"NO SERIES EXISTS";28;0
"RAYTHEON";"HAWKER";"1000";5;0
"RAYTHEON";"HAWKER";"800";1;0
"RAYTHEON";"HAWKER";"800XP";22;0
"RAYTHEON";"HAWKER";"850XP";1;0
"REARWIN";"180";"UNDESIGNATED SERIES";2;0
"REARWIN";"185";"NO SERIES EXISTS";5;0
"REARWIN";"9000";"L DELUXE";1;0
"REMOS";"G3";"NO SERIES EXISTS";9;0
"REMOS";"GX";"NO SERIES EXISTS";10;0
"REPUBLIC";"RC3";"UNDESIGNATED SERIES";56;0
"REVOLUTION";"MINI500";"NO SERIES EXISTS";6;0
"RIHN";"DR107";"NO SERIES EXISTS";4;0
"RLU";"1";"NO SERIES EXISTS";18;0
"ROBIN";"R2160";"UNDESIGNATED SERIES";3;0
"ROBINSON";"R22";"ALPHA";12;0
"ROBINSON";"R22";"BETA";106;0
"ROBINSON";"R22";"MARINER";11;0
"ROBINSON";"R22";"UNDESIGNATED SERIES";51;0
"ROBINSON";"R44";"II";2;0
"ROBINSON";"R44";"UNDESIGNATED SERIES";49;1
"ROBINSON";"R66";"NO SERIES EXISTS";1;0
"ROCKWELL";"112";"B";12;0
"ROCKWELL";"112";"TC";40;0
"ROCKWELL";"112";"TCA";82;0
"ROCKWELL";"112";"UNDESIGNATED SERIES";67;0
"ROCKWELL";"114";"A";3;0
"ROCKWELL";"114";"UNDESIGNATED SERIES";100;0
"ROCKWELL";"500";"S";10;0
"ROCKWELL";"680";"FL";53;0
"ROCKWELL";"680";"V";12;0
"ROCKWELL";"680";"W";12;0
"ROCKWELL";"681";"NO SERIES EXISTS";17;0
"ROCKWELL";"685";"NO SERIES EXISTS";22;0
"ROCKWELL";"690";"A";62;0
"ROCKWELL";"690";"B";61;1
"ROCKWELL";"690";"D";1;0
"ROCKWELL";"690";"UNDESIGNATED SERIES";25;0
"ROCKWELL";"700";"NO SERIES EXISTS";6;0
"ROCKWELL";"B1";"UNDESIGNATED SERIES";2;0
"ROLLADEN SCHNEIDER";"LS1";"C";1;0
"ROLLADEN SCHNEIDER";"LS3";"UNDESIGNATED SERIES";1;0
"ROLLADEN SCHNEIDER";"LS4";"A";2;0
"ROLLADEN SCHNEIDER";"LS4";"UNDESIGNATED SERIES";5;0
"ROTARY";"RAF2000";"GTX";5;0
"ROTARY";"RAF2000";"STD";13;0
"ROTEC";"RALLY3";"NO SERIES EXISTS";7;0
"ROTORWAY";"EXEC";"F";8;0
"ROTORWAY";"EXEC";"UNDESIGNATED SERIES";13;0
"ROTORWAY";"SCORPION";"TOO";4;0
"ROTORWAY";"SCORPION";"UNDESIGNATED SERIES";10;0
"RUTAN";"DEFIANT";"NO SERIES EXISTS";10;0
"RUTAN";"LONGEZ";"NO SERIES EXISTS";35;0
"RUTAN";"VARIEZE";"NO SERIES EXISTS";208;1
"RUTAN";"VARIVIGGEN";"NO SERIES EXISTS";8;0
"RYAN";"L17";"C";2;0
"RYAN";"NAVION";"A";2;0
"RYAN";"NAVION";"B";1;0
"RYAN";"PT22";"UNDESIGNATED SERIES";2;0
"RYAN";"SCW145";"NO SERIES EXISTS";1;0
"RYAN";"ST3KR";"NO SERIES EXISTS";16;0
"RYAN";"STA";"NO SERIES EXISTS";5;0
"SAAB";"340";"A";264;0
"SAAB";"340";"B";177;0
"SABRELINER";"NA265";"40";24;0
"SABRELINER";"NA265";"60";53;0
"SABRELINER";"NA265";"65";32;0
"SABRELINER";"NA265";"80";28;0
"SABRELINER";"NA265";"UNDESIGNATED SERIES";1;0
"SCHEIBE";"SF34";"UNDESIGNATED SERIES";2;0
"SCHEMPP HIRTH";"CIRRUS";"NO SERIES EXISTS";4;0
"SCHEMPP HIRTH";"DISCUS B";"NO SERIES EXISTS";4;0
"SCHEMPP HIRTH";"DUO DISCUS";"UNDESIGNATED SERIES";1;0
"SCHEMPP HIRTH";"NIMBUS3";"UNDESIGNATED SERIES";2;0
"SCHEMPP HIRTH";"STANDARD CIRRUS";"UNDESIGNATED SERIES";1;0
"SCHEMPP HIRTH";"VENTUS B";"UNDESIGNATED SERIES";1;0
"SCHLEICHER";"ASH26";"E";2;0
"SCHLEICHER";"ASK13";"NO SERIES EXISTS";1;0
"SCHLEICHER";"ASK21";"NO SERIES EXISTS";3;0
"SCHLEICHER";"ASW15";"B";1;0
"SCHLEICHER";"ASW15";"UNDESIGNATED SERIES";1;0
"SCHLEICHER";"ASW19";"B";2;0
"SCHLEICHER";"ASW19";"UNDESIGNATED SERIES";2;0
"SCHLEICHER";"ASW20";"NO SERIES EXISTS";7;0
"SCHLEICHER";"ASW20L";"NO SERIES EXISTS";1;0
"SCHLEICHER";"ASW27";"UNDESIGNATED SERIES";1;0
"SCHLEICHER";"K8";"B";2;0
"SCHLEICHER";"K8";"UNDESIGNATED SERIES";1;0
"SCHLEICHER";"KA6";"BR";1;0
"SCHWEIZER";"269C";"1";7;0
"SCHWEIZER";"269C";"UNDESIGNATED SERIES";6;0
"SCHWEIZER";"269D";"NO SERIES EXISTS";9;0
"SCHWEIZER";"SGS123";"D";1;0
"SCHWEIZER";"SGS123";"G";1;0
"SCHWEIZER";"SGS126";"A";3;0
"SCHWEIZER";"SGS126";"B";5;0
"SCHWEIZER";"SGS126";"C";1;0
"SCHWEIZER";"SGS126";"D";3;0
"SCHWEIZER";"SGS126";"E";11;0
"SCHWEIZER";"SGS126";"UNDESIGNATED SERIES";10;0
"SCHWEIZER";"SGS134";"R";1;0
"SCHWEIZER";"SGS134";"UNDESIGNATED SERIES";8;0
"SCHWEIZER";"SGS135";"A";1;0
"SCHWEIZER";"SGS136";"NO SERIES EXISTS";5;0
"SCHWEIZER";"SGS232";"NO SERIES EXISTS";18;0
"SCHWEIZER";"SGS233";"A";34;1
"SCHWEIZER";"SGU119";"UNDESIGNATED SERIES";1;0
"SCHWEIZER";"SGU222";"C";1;0
"SCHWEIZER";"SGU222";"E";5;0
"SCHWEIZER";"SGU222";"UNDESIGNATED SERIES";1;0
"SCHWEIZER";"TG3A";"NO SERIES EXISTS";1;0
"SCHWEIZER";"TH55A";"NO SERIES EXISTS";1;0
"SCOTTISH AVIATION";"BULLDOG";"120 121";1;0
"SEMCO";"CHALLENGER";"NO SERIES EXISTS";10;0
"SEMCO";"MARK V";"NO SERIES EXISTS";1;0
"SEMCO";"MODEL T";"NO SERIES EXISTS";1;0
"SHORT";"SC7";"3";43;8
"SHORT";"SC7";"3A";1;1
"SHORT";"SC7";"UNDESIGNATED SERIES";2;2
"SHORT";"SD330";"UNDESGINATED SERIES";178;1
"SHORT";"SD360";"UNDESIGNATED SERIES";180;0
"SHORT";"SD360";"VARIANT200";1;0
"SHORT";"SD360";"VARIANT300";2;0
"SIAI MARCHETTI";"F260";"B";3;0
"SIAI MARCHETTI";"F260";"C";1;0
"SIAI MARCHETTI";"S205";"20R";1;0
"SIAI MARCHETTI";"S205";"22R";26;0
"SIAI MARCHETTI";"SF260";"C";1;0
"SIAI MARCHETTI";"SF260";"UNDESIGNATED SERIES";14;0
"SIAI MARCHETTI";"SF600";"TP";1;0
"SIKORSKY";"CH54";"B";2;0
"SIKORSKY";"H19";"A";1;0
"SIKORSKY";"S51";"NO SERIES EXISTS";1;0
"SIKORSKY";"S52";"3";1;0
"SIKORSKY";"S52";"UNDESIGNATED SERIES";1;0
"SIKORSKY";"S55";"UNDESIGNATED SERIES";5;0
"SIKORSKY";"S58";"D";1;0
"SIKORSKY";"S58";"E";5;0
"SIKORSKY";"S58";"ET";7;0
"SIKORSKY";"S58";"J";6;0
"SIKORSKY";"S58";"UNDESIGNATED SERIES";10;0
"SIKORSKY";"S61";"A";2;0
"SIKORSKY";"S61";"L";1;0
"SIKORSKY";"S61";"N";3;0
"SIKORSKY";"S62";"A";2;0
"SIKORSKY";"S64";"E";5;0
"SIKORSKY";"S64";"F";2;0
"SIKORSKY";"S76";"A";82;0
"SIKORSKY";"S76";"B";8;0
"SIKORSKY";"S76";"C";7;0
"SIKORSKY";"S76";"UNDESIGNATED SERIES";25;0
"SIKORSKY";"S92";"A";7;0
"SIKORSKY";"SH3";"H";4;0
"SIKORSKY";"UH60";"UNDESIGNATED SERIES
";2;0
"SISLER";"SF2";"A";1;0
"SKYSTAR";"KITFOX";"SERIES5";9;0
"SLEPCEV";"STORCH";"NO SERIES EXISTS";1;0
"SMITH";"AEROSTAR600";"NO SERIES EXISTS";1;0
"SMITH";"AEROSTAR601";"P";1;0
"SMITH";"AEROSTAR601";"UNDESIGNATED SERIES";2;0
"SMITH";"DSA1";"NO SERIES EXISTS";26;0
"SMYTH";"SIDEWINDER";"NO SERIES EXISTS";10;2
"SNOW";"S2B";"NO SERIES EXISTS";1;0
"SNOW";"S2C";"NO SERIES EXISTS";6;0
"SNOW";"S2C600";"NO SERIES EXISTS";7;0
"SOCATA";"RALLYE150";"ST";1;0
"SOCATA";"RALLYE235";"E";10;0
"SOCATA";"TB10";"NO SERIES EXISTS";14;0
"SOCATA";"TB20";"NO SERIES EXISTS";53;0
"SOCATA";"TB200";"XL";1;0
"SOCATA";"TB21";"UNDESIGNATED SERIES";5;0
"SOCATA";"TB9";"C";15;0
"SOCATA";"TBM700";"UNDESIGNATED SERIES";31;0
"SORRELL";"SNS7";"NO SERIES EXISTS";11;0
"SPARTAN";"7W";"NO SERIES EXISTS";6;0
"SPEZIO";"DAL1";"NO SERIES EXISTS";9;0
"SPORTINE AVIACIJA";"LAK17";"A";1;0
"STAMPE";"SV4";"C";6;0
"START FLUG";"H101";"NO SERIES EXISTS";1;0
"STEARMAN";"A75";"L3";6;0
"STEARMAN";"A75";"L300";3;0
"STEARMAN";"A75";"N1";105;0
"STEARMAN";"A75";"UNDESIGNATED SERIES";19;0
"STEARMAN";"B75";"N1";27;0
"STEARMAN";"B75";"UNDESIGNATED SERIES";10;0
"STEARMAN";"C3B";"NO SERIES EXISTS";1;0
"STEARMAN";"D75";"N1";3;0
"STEARMAN";"E75";"N1";8;0
"STEARMAN";"E75";"UNDESIGNATED SERIES";32;1
"STEARMAN";"N2S";"4";1;0
"STEARMAN";"PT13";"B";1;0
"STEARMAN";"PT13";"D";9;0
"STEARMAN";"PT13";"UNDESIGNATED SERIES";1;0
"STEARMAN";"PT17";"A";1;0
"STEARMAN";"PT17";"UNDESIGNATED SERIES";18;0
"STEEN";"SKYBOLT";"NO SERIES EXISTS";47;0
"STEMME";"S10";"UNDESIGNATED SERIES";5;0
"STEMME";"S10";"V";1;0
"STEMME";"S10";"VT";5;0
"STINSON";"10";"A";8;0
"STINSON";"10";"B";1;0
"STINSON";"10";"UNDESIGNATED SERIES";5;0
"STINSON";"108";"1";60;0
"STINSON";"108";"2";57;0
"STINSON";"108";"3";73;0
"STINSON";"108";"UNDESIGNATED SERIES";43;0
"STINSON";"AT19";"NO SERIES EXISTS";1;0
"STINSON";"HW75";"NO SERIES EXISTS";2;0
"STINSON";"JUNIOR SR";"UNDESIGNATED SERIES";1;0
"STINSON";"L5";"B";2;0
"STINSON";"L5";"E";3;0
"STINSON";"L5";"E1";4;0
"STINSON";"L5";"G";3;0
"STINSON";"L5";"UNDESIGNATED SERIES";5;0
"STINSON";"SR8";"C";2;0
"STINSON";"SR9";"UNDESIGNATED SERIES";1;0
"STINSON";"V77";"NO SERIES EXISTS";14;0
"STODDARD HAMILTON";"GLASAIR II";"FT";5;0
"STODDARD HAMILTON";"GLASAIR II";"RG";20;0
"STODDARD HAMILTON";"GLASAIR II";"TD";3;0
"STODDARD HAMILTON";"GLASAIR II";"UNDESIGNATED SERIES";9;0
"STODDARD HAMILTON";"GLASAIR III";"UNDESIGNATED SERIES";54;0
"STODDARD HAMILTON";"GLASAIR IIS";"UNDESIGNATED SERIES";2;0
"STODDARD HAMILTON";"GLASAIR SUPER II";"RG";1;0
"STODDARD HAMILTON";"GLASAIR SUPER II";"UNDESIGNATED SERIES";3;0
"STODDARD HAMILTON";"GLASAIR";"UNDESIGNATED SERIES";82;0
"STOLP STARDUSTER";"SA100";"NO SERIES EXISTS";13;0
"STOLP STARDUSTER";"SA300";"NO SERIES EXISTS";76;0
"STOLP STARDUSTER";"SA700";"NO SERIES EXISTS";2;0
"STOLP STARDUSTER";"SA750";"NO SERIES EXISTS";5;0
"STRIPLIN";"SKY RANGER";"NO SERIES EXISTS";3;0
"SUD AVIATION";"CONCORDE";"NO SERIES EXISTS";9;0
"SUD AVIATION";"SE3130";"NO SERIES EXISTS";1;0
"SUKHOI";"SU26";"M";1;0
"SUKHOI";"SU26";"UNDESIGNATED SERIES";1;0
"SUKHOI";"SU29";"NO SERIES EXISTS";1;0
"SWEARINGEN";"SA226";"AT";37;0
"SWEARINGEN";"SA226";"T";45;0
"SWEARINGEN";"SA226";"TB";16;0
"SWEARINGEN";"SA226";"TC";495;0
"SWEARINGEN";"SA226";"UNDESIGNATED SERIES";4;0
"SWEARINGEN";"SA227";"AC";413;0
"SWEARINGEN";"SA227";"AT";51;1
"SWEARINGEN";"SA227";"BC";3;0
"SWEARINGEN";"SA227";"CC";1;0
"SWEARINGEN";"SA227";"DC";10;0
"SWEARINGEN";"SA227";"TT";16;0
"SWEARINGEN";"SA227";"UNDESIGNATED SERIES";14;0
"SWEARINGEN";"SA26";"AT";45;0
"SWEARINGEN";"SA26";"T";14;0
"SWEARINGEN";"SA26";"UNDESIGNATED SERIES";9;0
"SWEARINGEN";"SX300";"NO SERIES EXISTS";14;0
"TAYLOR";"COOT";"UNDESIGNATED SERIES";2;0
"TAYLOR";"J2";"NO SERIES EXISTS";1;0
"TAYLORCRAFT";"19";"NO SERIES EXISTS";53;0
"TAYLORCRAFT";"20";"NO SERIES EXISTS";1;0
"TAYLORCRAFT";"BC";"65";6;0
"TAYLORCRAFT";"BC";"UNDESIGNATED SERIES";1;0
"TAYLORCRAFT";"BC12";"65";8;0
"TAYLORCRAFT";"BC12";"D";126;0
"TAYLORCRAFT";"BC12";"D85";5;0
"TAYLORCRAFT";"BCS12";"D1";11;0
"TAYLORCRAFT";"BCS12";"D485";2;0
"TAYLORCRAFT";"BF";"65";3;0
"TAYLORCRAFT";"BL";"65";10;0
"TAYLORCRAFT";"BL12";"65";1;0
"TAYLORCRAFT";"BLS";"65";1;0
"TAYLORCRAFT";"DC";"65";9;0
"TAYLORCRAFT";"DCO";"65";21;0
"TAYLORCRAFT";"DF";"65";1;0
"TAYLORCRAFT";"F21";"A";1;0
"TAYLORCRAFT";"F21";"B";1;0
"TAYLORCRAFT";"F21";"UNDESIGNATED SERIES";10;0
"TAYLORCRAFT";"F22";"UNDESIGNATED SERIES";2;0
"TAYLORCRAFT";"L2";"NO SERIES EXISTS";1;0
"TAYLORCRAFT";"L2F";"NO SERIES EXISTS";1;0
"TEAM";"HIMAX";"NO SERIES EXISTS";3;0
"TECNAM";"P2002";"JF";2;0
"TECNAM";"P2006T";"NO SERIES EXISTS";6;0
"TERATORN";"TIERRA";"II";11;0
"THORP";"T18";"UNDESIGNATED SERIES";43;0
"THORP";"T211";"NO SERIES EXISTS";2;0
"THUNDER";"AX7 77";"A";5;1
"THUNDER";"AX7 77";"S1";2;0
"THUNDER";"AX7 77";"UNDESIGNATED SERIES";13;0
"THUNDER";"AX7 77";"Z";1;0
"THUNDER";"AX8 105";"S2";1;0
"THUNDER";"AX8 105";"UNDESIGNATED SERIES";5;0
"THUNDER";"AX8 90";"S1";2;0
"THUNDER";"AX8 90";"UNDESIGNATED SERIES";6;0
"THUNDER";"AX9 140";"S2";2;0
"TITAN";"TORNADO";"II";1;0
"TITAN";"TORNADO";"UNDESIGNATED SERIES";5;0
"TRAVEL AIR";"TRAVEL AIR B94000";"NO SERIES EXISTS";1;0
"TRAVEL AIR";"TRAVEL AIR D4000";"NO SERIES EXISTS";1;0
"TRAVEL AIR";"TRAVEL AIR E4000";"NO SERIES EXISTS";1;0
"TRAVEL AIR";"TRAVEL AIR12";"Q";2;0
"TRAVEL AIR";"TRAVEL AIR16";"E";1;0
"TRAVEL AIR";"TRAVEL AIR2000";"T";2;0
"TRAVEL AIR";"TRAVEL AIR4000";"NO SERIES EXISTS";9;0
"TRI R";"TRI KIS TR1";"UNDESIGNATED SERIES";3;0
"TRIDENT";"TR1";"285";4;0
"ULTIMATE";"10";"200";1;0
"ULTRAMAGIC";"S90";"NO SERIES EXISTS";1;0
"UNITED CONSULTANT";"UC1";"NO SERIES EXISTS";9;0
"UNKNOWN";"UNKNOWN";"UNKNOWN";2559;144
"VALENTIN";"TAIFUN17E";"UNDESIGNATED SERIES";6;0
"VANS";"RV10";"NO SERIES EXISTS";11;0
"VANS";"RV12";"NO SERIES EXISTS";5;0
"VANS";"RV3";"A";9;0
"VANS";"RV3";"UNDESIGNATED SERIES";8;0
"VANS";"RV4";"UNDESIGNATED SERIES";68;0
"VANS";"RV6";"A";56;0
"VANS";"RV6";"UNDESIGNATED SERIES";76;0
"VANS";"RV7";"A";10;0
"VANS";"RV7";"UNDESIGNATED SERIES";5;0
"VANS";"RV8";"A";10;0
"VANS";"RV8";"UNDESIGNATED SERIES";30;0
"VANS";"RV9";"A";16;0
"VANS";"RV9";"UNDESIGNATED SERIES";2;0
"VANS";"RV9";"UNKNOWN";1;0
"VARGA";"2150";"A";30;0
"VARGA";"2180";"NO SERIES EXISTS";2;0
"VERTOL";"107II";"NO SERIES EXISTS";2;0
"VERTOL";"234";"NO SERIES EXISTS";1;0
"VERTOL";"42";"A";1;0
"VERTOL";"CH46";"UNDESIGNATED SERIES";1;0
"VERTOL";"CH47";"UNDESIGNATED SERIES";2;0
"VICKERS";"VISCOUNT";"700";1;0
"VICKERS";"VISCOUNT";"745D";3;0
"VOLAIRE";"10A";"NO SERIES EXISTS";1;0
"VOLMER";"VJ22";"NO SERIES EXISTS";13;0
"VOUGHT";"F4U";"4";12;0
"VOUGHT";"F4U";"5";3;0
"VOUGHT";"F4U";"5NL";1;0
"VOUGHT";"F4U";"7";1;0
"VOUGHT";"FG";"1D";4;0
"WACO";"10";"NO SERIES EXISTS";1;0
"WACO";"125";"NO SERIES EXISTS";1;0
"WACO";"9";"NO SERIES EXISTS";1;0
"WACO";"AQC6";"NO SERIES EXISTS";1;0
"WACO";"ASO";"NO SERIES EXISTS";3;0
"WACO";"ATO";"NO SERIES EXISTS";3;0
"WACO";"BSO";"NO SERIES EXISTS";2;0
"WACO";"CRG";"NO SERIES EXISTS";1;0
"WACO";"CTO";"NO SERIES EXISTS";2;0
"WACO";"CUC1";"NO SERIES EXISTS";1;0
"WACO";"GXE";"NO SERIES EXISTS";2;0
"WACO";"HRE";"NO SERIES EXISTS";1;0
"WACO";"QCF";"NO SERIES EXISTS";3;0
"WACO";"RNF";"NO SERIES EXISTS";1;0
"WACO";"S3HD";"NO SERIES EXISTS";1;0
"WACO";"UBF";"NO SERIES EXISTS";2;0
"WACO";"UIC";"NO SERIES EXISTS";2;0
"WACO";"UKC";"NO SERIES EXISTS";1;0
"WACO";"UPF7";"NO SERIES EXISTS";31;0
"WACO";"VKS7F";"NO SERIES EXISTS";1;0
"WACO";"YKS7";"NO SERIES EXISTS";2;0
"WACO";"YMF";"NO SERIES EXISTS";23;0
"WACO";"YOC";"NO SERIES EXISTS";1;0
"WACO";"YOC1";"NO SERIES EXISTS";1;0
"WACO";"YPF";"NO SERIES EXISTS";1;0
"WACO";"YPF7";"NO SERIES EXISTS";1;0
"WACO";"ZPF7";"NO SERIES EXISTS";2;0
"WDL LUFTSCHIFF";"WDL1";"UNDESIGNATED SERIES";2;0
"WEATHERLY";"201";"A";1;0
"WEATHERLY";"201";"B";13;0
"WEATHERLY";"201";"C";6;0
"WEATHERLY";"201";"UNDESIGNATED SERIES";7;0
"WEATHERLY";"620";"A";1;0
"WEATHERLY";"620";"B";6;0
"WEATHERLY";"620";"UNDESIGNATED SERIES";14;0
"WESTLAND";"WG30";"100";4;0
"WHEELER";"EXPRESS";"NO SERIES EXISTS";1;0
"WHITE";"DER JAGER DIX";"NO SERIES EXISTS";3;0
"WITTMAN";"W10";"NO SERIES EXISTS";4;0
"WITTMAN";"W8";"NO SERIES EXISTS";10;0
"WOLF";"W11";"NO SERIES EXISTS";1;0
"WORNER";"NLSTU";"1000";1;0
"YAKOVLEV";"YAK11";"NO SERIES EXISTS";5;0
"YAKOVLEV";"YAK18";"A";4;0
"YAKOVLEV";"YAK18";"T";2;0
"YAKOVLEV";"YAK18";"UNDESIGNATED SERIES";1;0
"YAKOVLEV";"YAK3";"M";2;0
"YAKOVLEV";"YAK3";"UNDESIGNATED SERIES";1;0
"YAKOVLEV";"YAK50";"NO SERIES EXISTS";4;0
"YAKOVLEV";"YAK52";"NO SERIES EXISTS";50;0
"YAKOVLEV";"YAK55";"M";1;0
"YAKOVLEV";"YAK9";"UM";2;0
"ZENAIR";"CH2000";"UNDESIGNATED SERIES";26;0
"ZENAIR";"CH601";"HD";6;0
"ZENAIR";"CH601";"UNDESIGNATED SERIES";1;0
"ZENAIR";"STOL CH701";"NO SERIES EXISTS";13;0
"ZENAIR";"STOL CH801";"NO SERIES EXISTS";1;0
"ZENITH";"CH601";"XL";5;0
"ZIVKO";"EDGE540";"UNDESIGNATED SERIES";3;0
